order_id,order_date,region,channel,segment,units,unit_price,discount,revenue,cost
SO-100026,2025-01-01,West,Direct,Mid-Market,22,536.72,0.05,11217.45,8169.73
SO-100438,2025-01-01,Midwest,Direct,Mid-Market,6,733.62,0.0,4401.72,2670.23
SO-100670,2025-01-01,Northeast,Partner,Mid-Market,15,375.16,0.0,5627.4,3951.48
SO-101127,2025-01-01,Northeast,Direct,SMB,52,271.61,0.1,12711.35,7858.8
SO-101141,2025-01-01,West,Direct,Enterprise,1,938.76,0.0,938.76,645.38
SO-101407,2025-01-01,Midwest,Direct,SMB,25,205.74,0.15,4371.97,3628.23
SO-101434,2025-01-01,Midwest,Direct,SMB,56,98.37,0.05,5233.28,3206.4
SO-101464,2025-01-01,Northeast,Marketplace,SMB,8,182.73,0.05,1388.75,993.15
SO-101823,2025-01-01,Northeast,Direct,SMB,56,221.27,0.25,9293.34,8061.13
SO-101980,2025-01-01,Midwest,Partner,Enterprise,10,2004.07,0.1,18036.63,13345.76
SO-100055,2025-01-02,South,Direct,Mid-Market,12,932.75,0.05,10633.35,6621.29
SO-100072,2025-01-02,Midwest,Direct,SMB,44,159.94,0.0,7037.36,4038.88
SO-100485,2025-01-02,Northeast,Marketplace,SMB,43,105.06,0.0,4517.58,2648.97
SO-100963,2025-01-02,Midwest,Direct,SMB,44,107.16,0.0,4715.04,2925.51
SO-101512,2025-01-02,Midwest,Direct,Mid-Market,9,613.1,0.0,5517.9,3746.94
SO-101678,2025-01-02,South,Direct,Enterprise,3,1033.92,0.1,2791.58,1733.47
SO-101927,2025-01-02,South,Direct,Mid-Market,19,697.98,0.0,13261.62,7593.12
SO-102063,2025-01-02,West,Direct,Mid-Market,21,499.69,0.0,10493.49,6279.9
SO-102286,2025-01-02,Northeast,Direct,SMB,35,256.32,0.0,8971.2,5321.18
SO-100057,2025-01-03,West,Partner,Enterprise,2,1144.57,0.05,2174.68,1412.35
SO-100386,2025-01-03,South,Direct,Mid-Market,30,477.33,0.0,14319.9,9361.54
SO-100398,2025-01-03,Midwest,Direct,Mid-Market,18,903.56,0.0,16264.08,10634.34
SO-100460,2025-01-03,Midwest,Partner,Mid-Market,21,330.3,0.0,6936.3,4772.91
SO-100630,2025-01-03,Midwest,Partner,SMB,10,204.77,0.05,1945.32,1265.06
SO-100646,2025-01-03,Northeast,Direct,SMB,24,150.6,0.05,3433.68,2338.08
SO-100678,2025-01-03,Northeast,Direct,Mid-Market,28,545.17,0.1,13738.28,10562.01
SO-100732,2025-01-03,Northeast,Partner,SMB,47,118.01,0.0,5546.47,3945.34
SO-100950,2025-01-03,South,Marketplace,SMB,55,73.46,0.1,3636.27,2778.11
SO-100981,2025-01-03,West,Partner,Enterprise,4,2439.43,0.0,9757.72,5915.55
SO-101388,2025-01-03,Midwest,Partner,Mid-Market,30,485.44,0.0,14563.2,8204.95
SO-102020,2025-01-03,West,Partner,Mid-Market,28,439.46,0.05,11689.64,7644.83
SO-102094,2025-01-03,West,Direct,Mid-Market,16,819.38,0.05,12454.58,7477.38
SO-102283,2025-01-03,Northeast,Direct,SMB,3,270.11,0.1,729.3,511.4
SO-102369,2025-01-03,West,Marketplace,SMB,14,215.93,0.0,3023.02,1683.45
SO-100116,2025-01-04,Midwest,Direct,Enterprise,10,2106.5,0.0,21065.0,11719.88
SO-101002,2025-01-04,West,Direct,Mid-Market,8,706.67,0.1,5088.02,3606.43
SO-101087,2025-01-04,West,Marketplace,Mid-Market,17,671.75,0.1,10277.77,8212.39
SO-102034,2025-01-04,Northeast,Marketplace,SMB,29,110.1,0.05,3033.25,2095.58
SO-100749,2025-01-05,South,Direct,Enterprise,12,1083.84,0.05,12355.78,8878.68
SO-100914,2025-01-05,West,Partner,Mid-Market,24,841.74,0.0,20201.76,13057.8
SO-101448,2025-01-05,Midwest,Marketplace,Enterprise,1,1134.9,0.0,1134.9,650.36
SO-102109,2025-01-05,Midwest,Partner,SMB,32,236.3,0.05,7183.52,4269.05
SO-102161,2025-01-05,Midwest,Partner,Enterprise,6,2199.13,0.1,11875.3,8221.91
SO-100326,2025-01-06,Northeast,Direct,Mid-Market,26,625.88,0.1,14645.59,9867.76
SO-100349,2025-01-06,Midwest,Partner,SMB,8,106.02,0.05,805.75,542.14
SO-100615,2025-01-06,South,Direct,SMB,10,199.24,0.0,1992.4,1377.51
SO-101449,2025-01-06,West,Marketplace,Mid-Market,30,874.55,0.05,24924.67,18696.41
SO-101608,2025-01-06,Northeast,Marketplace,SMB,18,92.49,0.0,1664.82,930.98
SO-101619,2025-01-06,Northeast,Partner,SMB,41,177.89,0.05,6928.82,5160.5
SO-101774,2025-01-06,South,Direct,Enterprise,8,1743.63,0.05,13251.59,8253.78
SO-101912,2025-01-06,West,Marketplace,Mid-Market,29,392.11,0.0,11371.19,6616.6
SO-102093,2025-01-06,Northeast,Marketplace,SMB,39,75.99,0.15,2519.07,2127.22
SO-100293,2025-01-07,West,Direct,SMB,38,127.32,0.1,4354.34,2952.02
SO-100480,2025-01-07,West,Direct,Enterprise,12,1863.01,0.0,22356.12,15868.08
SO-100499,2025-01-07,Midwest,Direct,SMB,42,229.11,0.05,9141.49,5723.96
SO-100530,2025-01-07,Midwest,Partner,SMB,28,227.53,0.25,4778.13,3694.88
SO-100754,2025-01-07,West,Direct,Mid-Market,17,718.19,0.1,10988.31,7690.57
SO-101066,2025-01-07,South,Direct,Mid-Market,21,381.31,0.1,7206.76,4524.13
SO-101275,2025-01-07,West,Marketplace,Mid-Market,8,697.89,0.0,5583.12,3081.58
SO-101471,2025-01-07,Midwest,Marketplace,SMB,39,90.95,0.15,3014.99,2406.18
SO-101811,2025-01-07,West,Direct,SMB,19,190.94,0.0,3627.86,2238.01
SO-101824,2025-01-07,Northeast,Partner,Mid-Market,20,834.05,0.05,15846.95,11884.33
SO-102013,2025-01-07,Northeast,Direct,SMB,25,276.87,0.0,6921.75,3901.74
SO-102344,2025-01-07,West,Direct,Enterprise,12,2286.82,0.25,20581.38,18117.76
SO-100030,2025-01-08,Midwest,Marketplace,SMB,47,210.67,0.05,9406.42,7017.35
SO-100382,2025-01-08,West,Direct,Enterprise,11,2453.22,0.05,25636.15,16450.75
SO-101297,2025-01-08,Midwest,Direct,SMB,43,217.72,0.05,8893.86,5624.44
SO-101453,2025-01-08,West,Direct,Enterprise,7,1732.92,0.0,12130.44,7125.26
SO-101572,2025-01-08,West,Marketplace,SMB,6,288.79,0.0,1732.74,1078.72
SO-100061,2025-01-09,Northeast,Direct,SMB,38,248.48,0.1,8498.02,6727.91
SO-100497,2025-01-09,West,Marketplace,Mid-Market,8,817.85,0.1,5888.52,4458.68
SO-100561,2025-01-09,Midwest,Partner,SMB,5,118.69,0.25,445.09,414.21
SO-100616,2025-01-09,West,Direct,SMB,36,269.13,0.0,9688.68,6266.13
SO-100634,2025-01-09,West,Marketplace,Mid-Market,14,362.33,0.1,4565.36,3331.78
SO-101233,2025-01-09,Northeast,Marketplace,Mid-Market,8,602.27,0.0,4818.16,3350.25
SO-101644,2025-01-09,Northeast,Direct,SMB,3,212.47,0.05,605.54,451.45
SO-101838,2025-01-09,Northeast,Direct,Mid-Market,20,494.47,0.0,9889.4,5925.8
SO-101981,2025-01-09,West,Direct,Mid-Market,13,747.61,0.1,8747.04,5882.72
SO-102324,2025-01-09,South,Partner,Enterprise,3,1581.03,0.1,4268.78,2612.34
SO-100050,2025-01-10,Midwest,Partner,SMB,36,294.4,0.05,10068.48,6271.77
SO-100514,2025-01-10,West,Partner,Mid-Market,5,798.49,0.15,3393.58,2261.39
SO-100575,2025-01-10,Midwest,Partner,Enterprise,2,2488.83,0.25,3733.24,2863.47
SO-100764,2025-01-10,West,Direct,SMB,24,77.29,0.0,1854.96,1025.21
SO-100927,2025-01-10,Northeast,Direct,Mid-Market,2,914.8,0.0,1829.6,1120.5
SO-100964,2025-01-10,West,Marketplace,Mid-Market,11,785.1,0.0,8636.1,4754.02
SO-101015,2025-01-10,South,Direct,SMB,3,132.92,0.05,378.82,225.36
SO-101430,2025-01-10,Midwest,Marketplace,SMB,15,285.65,0.0,4284.75,2567.28
SO-101745,2025-01-10,South,Direct,SMB,5,193.73,0.05,920.22,695.63
SO-102106,2025-01-10,Midwest,Direct,SMB,14,152.71,0.0,2137.94,1347.46
SO-102262,2025-01-10,Northeast,Partner,SMB,27,216.57,0.05,5555.02,4208.08
SO-100265,2025-01-11,Northeast,Marketplace,Mid-Market,15,930.91,0.1,12567.28,9904.12
SO-100358,2025-01-11,Northeast,Direct,Mid-Market,30,941.43,0.0,28242.9,16233.76
SO-100526,2025-01-11,South,Marketplace,Mid-Market,19,878.36,0.15,14185.51,10111.44
SO-101188,2025-01-11,Northeast,Partner,Mid-Market,22,706.74,0.0,15548.28,8986.44
SO-101323,2025-01-11,Midwest,Direct,Enterprise,3,1863.67,0.05,5311.46,3770.37
SO-101696,2025-01-11,Midwest,Direct,SMB,7,154.41,0.15,918.74,603.47
SO-102111,2025-01-11,Northeast,Partner,Enterprise,8,1155.31,0.0,9242.48,5539.91
SO-102154,2025-01-11,Northeast,Direct,Mid-Market,29,807.67,0.0,23422.43,13055.31
SO-102238,2025-01-11,Midwest,Direct,SMB,1,95.99,0.05,91.19,64.24
SO-102326,2025-01-11,Northeast,Direct,Enterprise,4,1248.28,0.1,4493.81,3310.39
SO-102382,2025-01-11,Northeast,Direct,SMB,10,129.46,0.05,1229.87,839.96
SO-102386,2025-01-11,West,Direct,Enterprise,1,1435.17,0.0,1435.17,843.31
SO-100298,2025-01-12,West,Marketplace,SMB,16,67.3,0.0,1076.8,661.62
SO-101026,2025-01-12,Northeast,Direct,SMB,25,55.06,0.25,1032.38,969.53
SO-102032,2025-01-12,Northeast,Direct,SMB,12,129.56,0.0,1554.72,1039.83
SO-100823,2025-01-13,West,Marketplace,Mid-Market,19,836.27,0.0,15889.13,10977.45
SO-100931,2025-01-13,Midwest,Direct,SMB,55,191.59,0.0,10537.45,7447.23
SO-101009,2025-01-13,West,Direct,Enterprise,11,1409.81,0.05,14732.51,9223.19
SO-101084,2025-01-13,Midwest,Direct,Mid-Market,26,552.41,0.15,12208.26,8783.46
SO-100018,2025-01-14,Midwest,Direct,Enterprise,4,1943.92,0.0,7775.68,4610.07
SO-100472,2025-01-14,Midwest,Marketplace,Mid-Market,15,728.74,0.1,9837.99,7269.23
SO-100632,2025-01-14,South,Direct,SMB,52,167.3,0.0,8699.6,5322.29
SO-101144,2025-01-14,West,Direct,SMB,8,106.33,0.05,808.11,602.81
SO-101192,2025-01-14,Midwest,Partner,Enterprise,7,1426.89,0.0,9988.23,6226.75
SO-101523,2025-01-14,South,Partner,SMB,45,219.34,0.1,8883.27,5624.47
SO-101560,2025-01-14,South,Partner,SMB,13,96.53,0.0,1254.89,815.78
SO-101707,2025-01-14,South,Direct,SMB,16,121.81,0.25,1461.72,1355.93
SO-101715,2025-01-14,Midwest,Partner,Mid-Market,12,558.33,0.1,6029.96,4444.33
SO-102026,2025-01-14,Northeast,Direct,Mid-Market,10,352.8,0.05,3351.6,2016.06
SO-102028,2025-01-14,West,Marketplace,SMB,16,80.42,0.15,1093.71,836.22
SO-102079,2025-01-14,Midwest,Direct,Enterprise,12,2032.12,0.1,21946.9,13852.77
SO-102127,2025-01-14,South,Direct,Mid-Market,5,857.85,0.0,4289.25,2393.61
SO-102273,2025-01-14,Northeast,Direct,SMB,7,46.45,0.05,308.89,188.75
SO-102394,2025-01-14,South,Partner,SMB,23,274.91,0.25,4742.2,4159.86
SO-100024,2025-01-15,Midwest,Marketplace,SMB,31,111.09,0.05,3271.6,2454.07
SO-100292,2025-01-15,Midwest,Marketplace,Enterprise,3,2511.32,0.0,7533.96,4742.46
SO-101235,2025-01-15,Midwest,Marketplace,Enterprise,3,2559.64,0.0,7678.92,4667.7
SO-101334,2025-01-15,Midwest,Direct,SMB,2,154.91,0.0,309.82,222.36
SO-101477,2025-01-15,West,Marketplace,Mid-Market,20,719.17,0.15,12225.89,9729.24
SO-101840,2025-01-15,Northeast,Partner,Enterprise,12,1186.96,0.0,14243.52,8435.83
SO-102115,2025-01-15,West,Marketplace,SMB,30,84.92,0.25,1910.7,1654.24
SO-100102,2025-01-16,West,Direct,SMB,16,252.02,0.1,3629.09,2245.64
SO-100163,2025-01-16,Northeast,Partner,SMB,2,156.29,0.1,281.32,190.35
SO-101427,2025-01-16,South,Marketplace,Enterprise,11,2086.64,0.05,21805.39,16322.45
SO-101510,2025-01-16,West,Marketplace,SMB,45,212.29,0.05,9075.4,5431.16
SO-102202,2025-01-16,West,Marketplace,SMB,11,230.2,0.0,2532.2,1482.71
SO-100216,2025-01-17,Midwest,Direct,Enterprise,1,2401.66,0.05,2281.58,1573.32
SO-100783,2025-01-17,Northeast,Marketplace,SMB,8,239.98,0.05,1823.85,1261.09
SO-100958,2025-01-17,Northeast,Direct,Mid-Market,25,398.86,0.15,8475.77,6381.5
SO-101004,2025-01-17,Northeast,Partner,SMB,16,62.82,0.0,1005.12,562.7
SO-101092,2025-01-17,South,Marketplace,SMB,44,94.72,0.0,4167.68,2961.87
SO-101132,2025-01-17,West,Direct,Mid-Market,17,580.74,0.0,9872.58,6091.47
SO-101239,2025-01-17,West,Partner,Mid-Market,29,403.59,0.0,11704.11,6635.22
SO-101328,2025-01-17,Northeast,Marketplace,Enterprise,4,1790.08,0.0,7160.32,4312.19
SO-101861,2025-01-17,Midwest,Marketplace,SMB,45,99.64,0.1,4035.42,2890.09
SO-100142,2025-01-18,South,Direct,Mid-Market,11,708.11,0.0,7789.21,4962.94
SO-100160,2025-01-18,Northeast,Direct,SMB,59,252.06,0.05,14127.96,10265.23
SO-100170,2025-01-18,Northeast,Direct,Mid-Market,12,648.69,0.15,6616.64,4877.26
SO-100643,2025-01-18,South,Partner,SMB,36,246.68,0.05,8436.46,5566.02
SO-101204,2025-01-18,Northeast,Marketplace,SMB,19,281.75,0.0,5353.25,3755.39
SO-101222,2025-01-18,Midwest,Marketplace,SMB,49,292.59,0.0,14336.91,8654.54
SO-101466,2025-01-18,Northeast,Marketplace,SMB,41,73.01,0.15,2544.4,1692.37
SO-101482,2025-01-18,South,Marketplace,SMB,46,243.77,0.0,11213.42,6224.21
SO-101533,2025-01-18,Midwest,Marketplace,SMB,60,282.93,0.0,16975.8,9593.28
SO-101753,2025-01-18,West,Partner,Mid-Market,17,861.53,0.0,14646.01,9214.62
SO-101898,2025-01-18,South,Direct,Enterprise,9,2349.52,0.05,20088.4,12477.26
SO-101909,2025-01-18,South,Direct,SMB,17,200.47,0.0,3407.99,2387.17
SO-101976,2025-01-18,West,Marketplace,Mid-Market,20,416.41,0.05,7911.79,5263.51
SO-102040,2025-01-18,Northeast,Marketplace,SMB,11,116.96,0.0,1286.56,890.84
SO-102137,2025-01-18,Northeast,Marketplace,Mid-Market,8,513.4,0.25,3080.4,2361.65
SO-100267,2025-01-19,West,Direct,SMB,17,76.03,0.0,1292.51,762.88
SO-100750,2025-01-19,Midwest,Direct,Mid-Market,14,579.4,0.15,6894.86,5002.57
SO-100946,2025-01-19,South,Direct,SMB,1,200.44,0.1,180.4,113.96
SO-101667,2025-01-19,West,Marketplace,SMB,34,111.21,0.0,3781.14,2487.73
SO-101825,2025-01-19,South,Direct,SMB,24,197.44,0.1,4264.7,2687.2
SO-101902,2025-01-19,South,Marketplace,SMB,27,138.66,0.05,3556.63,2101.47
SO-102248,2025-01-19,West,Marketplace,SMB,43,295.06,0.05,12053.2,8815.28
SO-100452,2025-01-20,West,Marketplace,Mid-Market,26,527.9,0.0,13725.4,8957.13
SO-100512,2025-01-20,West,Marketplace,Mid-Market,8,825.71,0.0,6605.68,3687.79
SO-100600,2025-01-20,South,Direct,SMB,21,103.12,0.0,2165.52,1515.42
SO-100680,2025-01-20,Northeast,Direct,SMB,12,95.54,0.0,1146.48,781.41
SO-100712,2025-01-20,Midwest,Marketplace,Mid-Market,19,830.59,0.0,15781.21,10761.98
SO-101129,2025-01-20,Northeast,Direct,SMB,47,110.58,0.1,4677.53,3493.49
SO-102246,2025-01-20,Northeast,Direct,SMB,39,71.6,0.0,2792.4,1862.57
SO-100266,2025-01-21,Northeast,Marketplace,Enterprise,11,1955.57,0.15,18284.58,14111.18
SO-100638,2025-01-21,Northeast,Direct,SMB,55,231.24,0.0,12718.2,8356.19
SO-101255,2025-01-21,West,Partner,Mid-Market,25,387.52,0.05,9203.6,6388.19
SO-101484,2025-01-21,Northeast,Direct,Enterprise,4,1594.92,0.0,6379.68,4509.3
SO-102039,2025-01-21,West,Direct,SMB,31,294.82,0.05,8682.45,5234.06
SO-102078,2025-01-21,Midwest,Partner,SMB,39,199.25,0.1,6993.68,5314.27
SO-102325,2025-01-21,West,Marketplace,Mid-Market,9,865.61,0.05,7400.97,5068.7
SO-100062,2025-01-22,West,Direct,Enterprise,6,2531.18,0.0,15187.08,9518.28
SO-100158,2025-01-22,West,Marketplace,SMB,48,56.91,0.15,2321.93,1856.18
SO-100289,2025-01-22,West,Direct,SMB,1,245.85,0.0,245.85,164.08
SO-100444,2025-01-22,South,Marketplace,Mid-Market,13,918.12,0.0,11935.56,7691.27
SO-100463,2025-01-22,Midwest,Direct,Mid-Market,30,435.99,0.0,13079.7,9323.34
SO-100551,2025-01-22,West,Direct,SMB,24,212.4,0.05,4842.72,3410.09
SO-101130,2025-01-22,South,Direct,Mid-Market,13,757.59,0.0,9848.67,6820.54
SO-101291,2025-01-22,West,Partner,SMB,23,217.92,0.0,5012.16,3069.89
SO-101307,2025-01-22,Midwest,Marketplace,SMB,47,205.81,0.05,9189.42,5378.65
SO-101432,2025-01-22,West,Direct,Mid-Market,23,437.19,0.0,10055.37,5676.91
SO-101467,2025-01-22,West,Partner,Mid-Market,16,465.96,0.0,7455.36,4436.87
SO-101673,2025-01-22,Northeast,Partner,SMB,39,119.55,0.0,4662.45,2980.21
SO-101799,2025-01-22,South,Partner,SMB,35,208.61,0.0,7301.35,5098.3
SO-101866,2025-01-22,Midwest,Direct,SMB,55,122.18,0.0,6719.9,3805.39
SO-101946,2025-01-22,South,Partner,Mid-Market,18,880.01,0.0,15840.18,11195.52
SO-102086,2025-01-22,West,Direct,Mid-Market,30,328.86,0.25,7399.35,6988.08
SO-100104,2025-01-23,Northeast,Partner,Mid-Market,24,754.43,0.15,15390.37,10873.91
SO-100125,2025-01-23,West,Partner,SMB,31,125.2,0.05,3687.14,2554.54
SO-100319,2025-01-23,South,Partner,SMB,53,250.46,0.0,13274.38,8533.95
SO-100406,2025-01-23,West,Direct,Mid-Market,13,844.24,0.1,9877.61,6265.87
SO-100506,2025-01-23,Northeast,Marketplace,Mid-Market,20,656.54,0.0,13130.8,7943.77
SO-100905,2025-01-23,West,Partner,Mid-Market,12,766.67,0.0,9200.04,5552.01
SO-100975,2025-01-23,South,Direct,SMB,49,97.19,0.0,4762.31,2941.71
SO-101220,2025-01-23,Northeast,Direct,Mid-Market,17,775.99,0.0,13191.83,7363.28
SO-101386,2025-01-23,Northeast,Direct,Enterprise,9,1860.63,0.0,16745.67,10835.07
SO-101931,2025-01-23,Midwest,Direct,Mid-Market,3,907.71,0.0,2723.13,1566.73
SO-100003,2025-01-24,West,Marketplace,SMB,9,118.85,0.0,1069.65,609.73
SO-100690,2025-01-24,West,Partner,SMB,51,249.22,0.0,12710.22,7686.46
SO-101252,2025-01-24,Northeast,Direct,SMB,46,213.03,0.0,9799.38,6644.91
SO-101354,2025-01-24,South,Direct,Mid-Market,27,541.43,0.0,14618.61,9023.33
SO-101357,2025-01-24,Midwest,Marketplace,Mid-Market,10,866.78,0.0,8667.8,5095.96
SO-100315,2025-01-25,South,Marketplace,SMB,44,73.35,0.1,2904.66,1890.36
SO-100395,2025-01-25,West,Direct,Mid-Market,19,919.71,0.0,17474.49,10578.55
SO-100605,2025-01-25,South,Marketplace,SMB,54,184.68,0.0,9972.72,6060.25
SO-101269,2025-01-25,Northeast,Partner,SMB,54,203.15,0.0,10970.1,7521.17
SO-101311,2025-01-25,South,Marketplace,Enterprise,11,1038.44,0.1,10280.56,7345.04
SO-101571,2025-01-25,West,Partner,SMB,14,136.14,0.05,1810.66,1306.52
SO-101789,2025-01-25,South,Partner,Mid-Market,2,327.23,0.0,654.46,404.7
SO-101864,2025-01-25,Midwest,Marketplace,Enterprise,9,2047.86,0.0,18430.74,13026.88
SO-102259,2025-01-25,West,Marketplace,SMB,22,284.02,0.0,6248.44,4272.25
SO-102337,2025-01-25,West,Partner,SMB,35,92.63,0.0,3242.05,2112.28
SO-102372,2025-01-25,Northeast,Marketplace,Enterprise,2,1089.93,0.0,2179.86,1482.58
SO-100101,2025-01-26,Midwest,Marketplace,SMB,13,140.04,0.15,1547.44,1061.03
SO-100205,2025-01-26,Northeast,Partner,Mid-Market,5,323.91,0.0,1619.55,1144.44
SO-100332,2025-01-26,Northeast,Partner,SMB,32,152.86,0.1,4402.37,3518.26
SO-100453,2025-01-26,Northeast,Marketplace,SMB,51,149.9,0.05,7262.65,5467.1
SO-100458,2025-01-26,Midwest,Direct,Mid-Market,27,568.73,0.05,14587.92,10465.9
SO-100542,2025-01-26,Midwest,Direct,Enterprise,7,2321.92,0.0,16253.44,9020.61
SO-100747,2025-01-26,Midwest,Direct,Mid-Market,8,372.96,0.0,2983.68,1684.79
SO-101003,2025-01-26,Midwest,Partner,Enterprise,2,1390.85,0.1,2503.53,1709.02
SO-101165,2025-01-26,Northeast,Partner,SMB,27,100.64,0.0,2717.28,1606.8
SO-101266,2025-01-26,Northeast,Partner,Mid-Market,24,414.5,0.15,8455.8,6715.29
SO-101843,2025-01-26,Midwest,Marketplace,SMB,4,277.76,0.0,1111.04,677.04
SO-102392,2025-01-26,West,Partner,Enterprise,11,1113.44,0.0,12247.84,8504.99
SO-100387,2025-01-27,South,Direct,SMB,14,262.09,0.1,3302.33,2046.9
SO-100425,2025-01-27,Midwest,Direct,SMB,1,180.94,0.0,180.94,116.89
SO-100590,2025-01-27,South,Marketplace,Enterprise,8,1049.36,0.15,7135.65,4807.06
SO-101758,2025-01-27,Midwest,Partner,Mid-Market,3,323.68,0.0,971.04,670.77
SO-100165,2025-01-28,South,Partner,Enterprise,8,1062.67,0.05,8076.29,5868.55
SO-100210,2025-01-28,Northeast,Marketplace,Mid-Market,18,344.81,0.0,6206.58,4268.62
SO-100318,2025-01-28,West,Marketplace,SMB,14,154.23,0.05,2051.26,1528.26
SO-100475,2025-01-28,West,Marketplace,SMB,25,243.16,0.0,6079.0,4060.16
SO-100713,2025-01-28,South,Partner,SMB,30,103.1,0.05,2938.35,2110.19
SO-101261,2025-01-28,Northeast,Direct,SMB,49,298.93,0.0,14647.57,9438.44
SO-101423,2025-01-28,South,Marketplace,Mid-Market,5,866.77,0.05,4117.16,2715.53
SO-101529,2025-01-28,West,Partner,Mid-Market,7,410.16,0.0,2871.12,1740.62
SO-102056,2025-01-28,West,Partner,Enterprise,4,1858.97,0.0,7435.88,5216.16
SO-102162,2025-01-28,Midwest,Partner,Enterprise,7,2339.52,0.0,16376.64,9224.22
SO-100420,2025-01-29,South,Marketplace,SMB,48,151.57,0.05,6911.59,5235.9
SO-100604,2025-01-29,South,Marketplace,Mid-Market,29,428.77,0.0,12434.33,8475.81
SO-101345,2025-01-29,Northeast,Partner,SMB,56,130.21,0.1,6562.58,4616.93
SO-101505,2025-01-29,Northeast,Direct,Enterprise,1,1348.03,0.0,1348.03,935.34
SO-101520,2025-01-29,South,Marketplace,SMB,5,169.46,0.1,762.57,588.06
SO-101855,2025-01-29,Midwest,Direct,SMB,4,220.93,0.0,883.72,535.1
SO-101985,2025-01-29,West,Direct,Enterprise,1,1402.04,0.25,1051.53,881.33
SO-101998,2025-01-29,Midwest,Direct,Enterprise,2,1095.52,0.05,2081.49,1329.01
SO-102264,2025-01-29,Northeast,Direct,Enterprise,1,1847.75,0.0,1847.75,1023.11
SO-100245,2025-01-30,West,Direct,SMB,51,215.41,0.0,10985.91,6933.95
SO-100372,2025-01-30,Midwest,Partner,SMB,51,56.59,0.05,2741.79,1751.48
SO-100469,2025-01-30,Northeast,Marketplace,SMB,57,219.3,0.05,11875.09,7826.5
SO-100613,2025-01-30,Northeast,Direct,Mid-Market,30,913.55,0.1,24665.85,15808.51
SO-100875,2025-01-30,Northeast,Marketplace,SMB,16,258.3,0.0,4132.8,2452.07
SO-101147,2025-01-30,South,Direct,SMB,13,107.18,0.0,1393.34,900.67
SO-101380,2025-01-30,Midwest,Partner,SMB,38,253.54,0.0,9634.52,5769.84
SO-102147,2025-01-30,Midwest,Direct,Mid-Market,6,359.94,0.15,1835.69,1424.74
SO-102229,2025-01-30,South,Direct,Enterprise,4,1165.18,0.15,3961.61,3222.86
SO-100379,2025-01-31,Midwest,Direct,SMB,14,186.59,0.0,2612.26,1854.07
SO-101038,2025-01-31,Midwest,Direct,Enterprise,8,1457.14,0.0,11657.12,8294.03
SO-101280,2025-01-31,Midwest,Direct,Mid-Market,4,873.38,0.05,3318.84,2369.27
SO-101343,2025-01-31,Northeast,Direct,SMB,59,217.75,0.15,10920.16,7456.88
SO-101479,2025-01-31,West,Marketplace,SMB,19,57.33,0.0,1089.27,737.55
SO-101726,2025-01-31,South,Partner,Mid-Market,29,572.63,0.05,15775.96,10885.5
SO-101895,2025-01-31,Midwest,Marketplace,Mid-Market,20,947.65,0.0,18953.0,13556.59
SO-101993,2025-01-31,South,Direct,SMB,20,131.76,0.0,2635.2,1564.71
SO-100103,2025-02-01,Midwest,Marketplace,Mid-Market,25,359.6,0.05,8540.5,5499.23
SO-100185,2025-02-01,Northeast,Direct,Enterprise,7,2456.24,0.05,16334.0,11429.16
SO-100448,2025-02-01,Northeast,Partner,SMB,5,197.79,0.25,741.71,550.85
SO-100701,2025-02-01,Northeast,Marketplace,Mid-Market,15,340.39,0.25,3829.39,3263.72
SO-101744,2025-02-01,South,Direct,Mid-Market,20,514.12,0.1,9254.16,5926.22
SO-101781,2025-02-01,Northeast,Direct,Mid-Market,10,566.67,0.15,4816.69,3518.97
SO-101830,2025-02-01,Northeast,Direct,SMB,22,53.91,0.0,1186.02,675.55
SO-101880,2025-02-01,Northeast,Direct,SMB,26,180.73,0.0,4698.98,2732.79
SO-102186,2025-02-01,West,Direct,Mid-Market,29,375.16,0.0,10879.64,6422.05
SO-100043,2025-02-02,West,Marketplace,Enterprise,4,2551.88,0.0,10207.52,6074.96
SO-100511,2025-02-02,South,Marketplace,SMB,52,296.65,0.0,15425.8,9512.96
SO-100528,2025-02-02,Northeast,Marketplace,SMB,30,86.08,0.05,2453.28,1705.65
SO-100806,2025-02-02,Northeast,Partner,Mid-Market,4,418.15,0.0,1672.6,1006.26
SO-100924,2025-02-02,West,Direct,Mid-Market,25,517.69,0.0,12942.25,8222.45
SO-101105,2025-02-02,West,Marketplace,Enterprise,5,1873.28,0.25,7024.8,5670.86
SO-101372,2025-02-02,Northeast,Direct,Mid-Market,15,807.31,0.0,12109.65,8678.89
SO-101777,2025-02-02,Northeast,Direct,SMB,41,102.44,0.0,4200.04,2742.09
SO-102131,2025-02-02,West,Partner,Mid-Market,11,928.0,0.15,8676.8,6504.95
SO-102146,2025-02-02,West,Direct,SMB,45,174.95,0.0,7872.75,4683.05
SO-102353,2025-02-02,South,Direct,SMB,4,143.27,0.0,573.08,339.9
SO-100105,2025-02-03,South,Marketplace,Enterprise,4,1082.34,0.1,3896.42,2723.93
SO-100159,2025-02-03,West,Direct,SMB,49,278.17,0.15,11585.78,7744.89
SO-100746,2025-02-03,Northeast,Direct,SMB,11,221.27,0.0,2433.97,1566.54
SO-101551,2025-02-03,South,Direct,SMB,20,61.11,0.0,1222.2,722.33
SO-101674,2025-02-03,West,Direct,Mid-Market,29,649.67,0.0,18840.43,11972.02
SO-101727,2025-02-03,West,Marketplace,SMB,31,234.55,0.0,7271.05,4395.95
SO-102136,2025-02-03,West,Marketplace,SMB,31,81.86,0.1,2283.89,1688.17
SO-102391,2025-02-03,South,Partner,Enterprise,10,1107.43,0.05,10520.59,6533.64
SO-100274,2025-02-04,Midwest,Marketplace,SMB,23,157.2,0.0,3615.6,2227.0
SO-100297,2025-02-04,Midwest,Partner,Mid-Market,14,745.19,0.05,9911.03,6471.32
SO-100367,2025-02-04,West,Direct,SMB,21,274.27,0.0,5759.67,3419.99
SO-100509,2025-02-04,Northeast,Partner,SMB,47,58.71,0.0,2759.37,1705.39
SO-100872,2025-02-04,West,Direct,Mid-Market,19,647.19,0.05,11681.78,7071.28
SO-101932,2025-02-04,Northeast,Partner,Mid-Market,22,818.24,0.05,17101.22,11175.19
SO-100187,2025-02-05,South,Direct,SMB,41,94.26,0.05,3671.43,2599.06
SO-100481,2025-02-05,South,Direct,SMB,7,237.2,0.05,1577.38,1029.72
SO-100588,2025-02-05,West,Direct,SMB,28,168.3,0.0,4712.4,3127.39
SO-100687,2025-02-05,Northeast,Direct,Enterprise,2,996.65,0.0,1993.3,1185.48
SO-100728,2025-02-05,West,Marketplace,Enterprise,9,939.72,0.05,8034.61,4981.97
SO-100967,2025-02-05,West,Marketplace,SMB,13,258.58,0.15,2857.31,2366.07
SO-101039,2025-02-05,Northeast,Partner,SMB,41,271.39,0.05,10570.64,7669.03
SO-101374,2025-02-05,West,Partner,Mid-Market,3,663.67,0.0,1991.01,1407.32
SO-101677,2025-02-05,West,Marketplace,SMB,7,81.4,0.0,569.8,315.0
SO-101942,2025-02-05,South,Marketplace,Mid-Market,7,744.94,0.0,5214.58,3003.5
SO-102022,2025-02-05,South,Partner,SMB,10,89.06,0.0,890.6,635.31
SO-102120,2025-02-05,Midwest,Direct,Enterprise,1,1611.06,0.1,1449.95,1047.12
SO-102209,2025-02-05,West,Partner,SMB,25,158.92,0.0,3973.0,2379.85
SO-100545,2025-02-06,South,Marketplace,Mid-Market,17,788.86,0.05,12740.09,9359.76
SO-100986,2025-02-06,South,Partner,Enterprise,2,1506.91,0.1,2712.44,1899.26
SO-101193,2025-02-06,West,Direct,Mid-Market,22,910.03,0.0,20020.66,11527.07
SO-101429,2025-02-06,South,Partner,SMB,29,245.82,0.0,7128.78,4218.02
SO-102228,2025-02-06,South,Marketplace,Mid-Market,3,727.22,0.15,1854.41,1296.94
SO-100007,2025-02-07,Midwest,Marketplace,Enterprise,7,1180.44,0.0,8263.08,5855.68
SO-100039,2025-02-07,South,Direct,SMB,28,63.65,0.05,1693.09,1217.72
SO-100344,2025-02-07,Northeast,Direct,SMB,9,265.19,0.05,2267.37,1602.63
SO-100352,2025-02-07,Northeast,Marketplace,SMB,12,83.31,0.15,849.76,698.34
SO-100533,2025-02-07,Midwest,Marketplace,Mid-Market,6,671.1,0.1,3623.94,2658.47
SO-100627,2025-02-07,Midwest,Direct,Mid-Market,14,929.21,0.0,13008.94,7938.0
SO-101048,2025-02-07,Northeast,Marketplace,SMB,28,265.98,0.1,6702.7,4784.73
SO-101494,2025-02-07,Northeast,Partner,Enterprise,1,2357.66,0.0,2357.66,1435.08
SO-101918,2025-02-07,Northeast,Partner,Mid-Market,26,807.15,0.0,20985.9,12324.72
SO-101973,2025-02-07,West,Marketplace,Mid-Market,19,523.46,0.1,8951.17,6380.26
SO-102015,2025-02-07,South,Direct,Enterprise,9,2202.34,0.0,19821.06,11114.78
SO-102073,2025-02-07,Northeast,Marketplace,Mid-Market,20,627.3,0.05,11918.7,8073.26
SO-100935,2025-02-08,South,Direct,SMB,15,72.45,0.0,1086.75,678.85
SO-100996,2025-02-08,Midwest,Partner,SMB,34,135.47,0.1,4145.38,2560.12
SO-101079,2025-02-08,West,Partner,SMB,43,83.73,0.0,3600.39,2470.07
SO-101242,2025-02-08,Midwest,Marketplace,SMB,9,196.82,0.0,1771.38,1225.45
SO-101919,2025-02-08,Northeast,Marketplace,Mid-Market,20,662.29,0.25,9934.35,8425.43
SO-102290,2025-02-08,Midwest,Direct,Mid-Market,5,404.86,0.1,1821.87,1141.94
SO-102341,2025-02-08,South,Direct,SMB,49,284.08,0.0,13919.92,8056.33
SO-100008,2025-02-09,Midwest,Partner,SMB,37,246.22,0.1,8199.13,5537.33
SO-101251,2025-02-09,South,Partner,Mid-Market,19,392.9,0.05,7091.84,5347.05
SO-101788,2025-02-09,South,Direct,SMB,39,248.66,0.05,9212.85,6203.12
SO-102211,2025-02-09,West,Marketplace,SMB,53,199.19,0.05,10029.22,5822.42
SO-102239,2025-02-09,West,Direct,Mid-Market,7,424.9,0.15,2528.15,2128.88
SO-102249,2025-02-09,Midwest,Direct,Mid-Market,28,608.48,0.0,17037.44,11333.57
SO-102284,2025-02-09,Northeast,Marketplace,SMB,14,223.55,0.0,3129.7,1953.02
SO-100098,2025-02-10,Midwest,Direct,SMB,22,93.62,0.05,1956.66,1316.55
SO-100250,2025-02-10,West,Partner,SMB,57,200.18,0.0,11410.26,6806.92
SO-100366,2025-02-10,South,Direct,SMB,20,193.02,0.25,2895.3,2357.49
SO-100489,2025-02-10,West,Direct,Mid-Market,24,645.88,0.0,15501.12,11039.35
SO-100521,2025-02-10,Midwest,Marketplace,Enterprise,2,2060.89,0.1,3709.6,2416.85
SO-100681,2025-02-10,Northeast,Direct,Mid-Market,11,366.74,0.1,3630.73,2525.26
SO-101416,2025-02-10,Midwest,Direct,Mid-Market,21,535.78,0.05,10688.81,7320.63
SO-101437,2025-02-10,West,Direct,Mid-Market,11,471.95,0.05,4931.88,3608.33
SO-101995,2025-02-10,Northeast,Marketplace,Enterprise,9,1561.22,0.15,11943.33,7810.25
SO-102173,2025-02-10,West,Direct,SMB,45,164.93,0.05,7050.76,4509.83
SO-102361,2025-02-10,West,Direct,SMB,11,262.05,0.1,2594.3,1933.35
SO-100167,2025-02-11,West,Marketplace,Mid-Market,24,673.59,0.0,16166.16,9789.09
SO-100552,2025-02-11,West,Marketplace,Mid-Market,29,342.62,0.0,9935.98,5702.08
SO-100765,2025-02-11,South,Direct,SMB,36,94.59,0.05,3234.98,1952.16
SO-100973,2025-02-11,Midwest,Marketplace,Enterprise,6,1308.6,0.05,7459.02,5025.35
SO-101020,2025-02-11,West,Partner,Mid-Market,7,816.36,0.1,5143.07,3852.55
SO-101287,2025-02-11,Midwest,Partner,Enterprise,7,1080.79,0.0,7565.53,4522.97
SO-101829,2025-02-11,Midwest,Direct,Enterprise,8,1840.91,0.05,13990.92,10459.78
SO-102140,2025-02-11,Northeast,Direct,Mid-Market,13,729.73,0.0,9486.49,6702.18
SO-100207,2025-02-12,Northeast,Marketplace,Mid-Market,23,719.16,0.05,15713.65,9586.38
SO-100547,2025-02-12,West,Direct,Mid-Market,16,902.18,0.0,14434.88,9733.81
SO-100650,2025-02-12,Northeast,Marketplace,Mid-Market,28,796.88,0.0,22312.64,15158.73
SO-100995,2025-02-12,West,Direct,Mid-Market,7,460.71,0.15,2741.22,1898.49
SO-101150,2025-02-12,Northeast,Marketplace,Enterprise,7,1930.87,0.05,12840.29,7845.39
SO-101305,2025-02-12,Midwest,Marketplace,SMB,42,52.61,0.0,2209.62,1370.16
SO-101346,2025-02-12,Midwest,Direct,SMB,36,145.99,0.0,5255.64,3469.71
SO-101458,2025-02-12,Northeast,Marketplace,Enterprise,1,1424.95,0.0,1424.95,869.59
SO-101879,2025-02-12,Midwest,Marketplace,SMB,48,203.67,0.0,9776.16,6586.9
SO-102395,2025-02-12,South,Direct,SMB,13,155.07,0.05,1915.11,1438.17
SO-100058,2025-02-13,South,Partner,SMB,34,262.58,0.0,8927.72,6265.26
SO-100215,2025-02-13,West,Marketplace,Mid-Market,19,766.82,0.0,14569.58,10322.53
SO-100516,2025-02-13,Northeast,Partner,Mid-Market,21,706.07,0.1,13344.72,9509.96
SO-100625,2025-02-13,Midwest,Direct,Enterprise,10,1436.84,0.05,13649.98,8351.08
SO-100694,2025-02-13,South,Partner,SMB,38,126.17,0.15,4075.29,3277.64
SO-100865,2025-02-13,South,Partner,Mid-Market,16,904.27,0.0,14468.32,8198.51
SO-101077,2025-02-13,South,Marketplace,SMB,52,83.42,0.05,4120.95,2413.76
SO-101270,2025-02-13,West,Direct,Mid-Market,2,807.78,0.05,1534.78,987.05
SO-101378,2025-02-13,South,Direct,Mid-Market,12,323.12,0.0,3877.44,2541.46
SO-101401,2025-02-13,South,Partner,Enterprise,7,2213.35,0.0,15493.45,10548.23
SO-102227,2025-02-13,West,Direct,SMB,36,146.68,0.0,5280.48,3018.45
SO-102362,2025-02-13,South,Direct,Enterprise,6,1633.46,0.0,9800.76,6898.12
SO-100168,2025-02-14,South,Partner,Mid-Market,22,335.86,0.0,7388.92,4394.51
SO-100270,2025-02-14,Northeast,Direct,SMB,19,259.14,0.05,4677.48,3185.27
SO-100316,2025-02-14,West,Direct,Mid-Market,25,567.99,0.1,12779.77,9810.41
SO-100459,2025-02-14,South,Marketplace,Mid-Market,23,846.84,0.0,19477.32,12682.21
SO-100657,2025-02-14,West,Direct,Enterprise,1,1266.2,0.05,1202.89,884.99
SO-100894,2025-02-14,West,Direct,Mid-Market,26,347.34,0.05,8579.3,5504.18
SO-100980,2025-02-14,Midwest,Partner,SMB,19,83.32,0.1,1424.77,957.01
SO-101013,2025-02-14,West,Direct,SMB,33,184.57,0.0,6090.81,3608.55
SO-101016,2025-02-14,Northeast,Direct,Mid-Market,27,579.61,0.05,14867.0,9092.49
SO-101126,2025-02-14,South,Direct,Mid-Market,4,420.45,0.0,1681.8,1034.0
SO-101267,2025-02-14,Midwest,Direct,SMB,57,208.66,0.05,11298.94,7065.7
SO-101274,2025-02-14,Midwest,Direct,SMB,22,285.02,0.0,6270.44,4316.58
SO-102065,2025-02-14,West,Direct,Mid-Market,22,740.08,0.0,16281.76,9333.8
SO-100257,2025-02-15,South,Direct,Mid-Market,7,425.76,0.0,2980.32,1920.55
SO-100281,2025-02-15,South,Direct,SMB,22,127.59,0.1,2526.28,1943.79
SO-100462,2025-02-15,South,Direct,SMB,12,223.8,0.0,2685.6,1778.86
SO-100538,2025-02-15,South,Marketplace,SMB,15,60.82,0.0,912.3,543.38
SO-100818,2025-02-15,Midwest,Direct,SMB,29,60.98,0.0,1768.42,1101.18
SO-101232,2025-02-15,Midwest,Direct,Mid-Market,28,905.72,0.0,25360.16,16780.22
SO-101403,2025-02-15,South,Partner,SMB,22,131.39,0.0,2890.58,1723.93
SO-101971,2025-02-15,South,Direct,Mid-Market,13,380.38,0.05,4697.69,3309.47
SO-100122,2025-02-16,West,Direct,Mid-Market,30,549.78,0.1,14844.06,9435.8
SO-100442,2025-02-16,West,Direct,Mid-Market,28,726.2,0.1,18300.24,12232.19
SO-100577,2025-02-16,Northeast,Direct,Enterprise,1,2084.27,0.0,2084.27,1426.88
SO-100710,2025-02-16,South,Direct,Mid-Market,5,469.54,0.0,2347.7,1687.62
SO-100785,2025-02-16,Midwest,Direct,SMB,37,245.43,0.05,8626.86,5512.98
SO-100814,2025-02-16,South,Direct,SMB,26,66.28,0.0,1723.28,1142.21
SO-100873,2025-02-16,Northeast,Direct,Mid-Market,12,774.54,0.0,9294.48,5821.25
SO-100957,2025-02-16,West,Partner,Enterprise,5,1820.36,0.0,9101.8,6342.72
SO-101074,2025-02-16,Northeast,Direct,Mid-Market,3,739.35,0.15,1885.34,1342.1
SO-101185,2025-02-16,West,Direct,Mid-Market,8,689.86,0.0,5518.88,3062.4
SO-101248,2025-02-16,South,Direct,Mid-Market,21,495.74,0.0,10410.54,6617.06
SO-101295,2025-02-16,West,Partner,SMB,41,210.02,0.0,8610.82,5371.48
SO-101717,2025-02-16,Northeast,Direct,SMB,47,145.8,0.0,6852.6,4643.41
SO-101770,2025-02-16,Northeast,Direct,SMB,41,57.93,0.0,2375.13,1449.68
SO-101865,2025-02-16,Northeast,Direct,Mid-Market,15,796.34,0.05,11347.84,7994.66
SO-102320,2025-02-16,Northeast,Direct,Mid-Market,7,790.91,0.0,5536.37,3133.92
SO-102352,2025-02-16,Northeast,Direct,Mid-Market,16,580.58,0.0,9289.28,6445.19
SO-102360,2025-02-16,Midwest,Direct,Mid-Market,28,668.29,0.0,18712.12,12081.28
SO-100286,2025-02-17,West,Partner,Enterprise,6,1523.32,0.0,9139.92,5509.61
SO-100436,2025-02-17,West,Direct,Mid-Market,10,864.32,0.05,8211.04,5548.26
SO-100612,2025-02-17,West,Marketplace,Mid-Market,11,836.86,0.1,8284.91,5621.08
SO-100831,2025-02-17,Northeast,Partner,Mid-Market,18,836.57,0.0,15058.26,8453.39
SO-101007,2025-02-17,Midwest,Marketplace,Mid-Market,10,402.38,0.0,4023.8,2806.1
SO-101069,2025-02-17,Northeast,Partner,SMB,23,139.99,0.05,3058.78,2059.36
SO-101177,2025-02-17,West,Direct,Mid-Market,29,602.3,0.0,17466.7,12410.38
SO-101302,2025-02-17,West,Marketplace,SMB,48,71.21,0.0,3418.08,2003.84
SO-101488,2025-02-17,South,Partner,Mid-Market,17,788.24,0.1,12060.07,8659.97
SO-101699,2025-02-17,South,Direct,SMB,54,170.86,0.05,8765.12,5530.07
SO-101782,2025-02-17,West,Direct,SMB,20,70.31,0.05,1335.89,948.79
SO-101846,2025-02-17,West,Marketplace,Mid-Market,20,899.79,0.0,17995.8,9919.66
SO-102172,2025-02-17,West,Direct,Enterprise,3,1463.24,0.05,4170.23,2570.13
SO-100200,2025-02-18,Midwest,Direct,Mid-Market,17,797.02,0.0,13549.34,7943.59
SO-100201,2025-02-18,South,Direct,SMB,24,132.03,0.1,2851.85,2041.29
SO-100259,2025-02-18,Northeast,Direct,SMB,3,114.62,0.0,343.86,223.37
SO-100360,2025-02-18,South,Marketplace,SMB,50,153.69,0.05,7300.27,4355.8
SO-100430,2025-02-18,West,Marketplace,Mid-Market,4,919.05,0.0,3676.2,2433.68
SO-100535,2025-02-18,South,Direct,SMB,30,132.3,0.1,3572.1,2203.66
SO-101522,2025-02-18,Midwest,Partner,Mid-Market,2,837.29,0.15,1423.39,1200.15
SO-101974,2025-02-18,South,Marketplace,Enterprise,12,1860.92,0.05,21214.49,13125.71
SO-100241,2025-02-19,Midwest,Marketplace,SMB,25,259.77,0.05,6169.54,4071.22
SO-100677,2025-02-19,West,Direct,SMB,27,163.15,0.1,3964.55,2967.54
SO-100853,2025-02-19,Northeast,Partner,Mid-Market,6,862.43,0.0,5174.58,3037.32
SO-100290,2025-02-20,Northeast,Marketplace,SMB,43,52.53,0.0,2258.79,1537.61
SO-100294,2025-02-20,West,Direct,SMB,38,61.07,0.0,2320.66,1522.54
SO-100311,2025-02-20,Northeast,Direct,Mid-Market,5,490.66,0.05,2330.64,1440.73
SO-100369,2025-02-20,West,Marketplace,Mid-Market,25,355.78,0.0,8894.5,4965.46
SO-100997,2025-02-20,Northeast,Direct,Mid-Market,25,601.02,0.0,15025.5,10385.19
SO-101289,2025-02-20,Northeast,Marketplace,Mid-Market,4,451.85,0.0,1807.4,1081.02
SO-101553,2025-02-20,West,Direct,SMB,13,257.66,0.0,3349.58,1879.44
SO-101632,2025-02-20,West,Marketplace,Enterprise,10,1945.39,0.05,18481.21,11335.53
SO-102042,2025-02-20,Midwest,Direct,SMB,39,221.61,0.05,8210.65,5657.28
SO-102358,2025-02-20,West,Marketplace,Mid-Market,4,376.85,0.0,1507.4,881.15
SO-100161,2025-02-21,West,Direct,Enterprise,11,1248.49,0.0,13733.39,8542.72
SO-100893,2025-02-21,Midwest,Direct,SMB,52,262.31,0.05,12958.11,9150.06
SO-100903,2025-02-21,West,Marketplace,Mid-Market,27,585.54,0.15,13438.14,9394.06
SO-101598,2025-02-21,Midwest,Partner,Enterprise,2,1090.07,0.0,2180.14,1394.68
SO-101960,2025-02-21,Midwest,Marketplace,Mid-Market,3,743.6,0.0,2230.8,1358.31
SO-102178,2025-02-21,Midwest,Marketplace,Enterprise,3,1280.28,0.0,3840.84,2239.81
SO-100174,2025-02-22,South,Marketplace,Enterprise,11,1072.78,0.0,11800.58,8463.98
SO-100407,2025-02-22,West,Direct,Mid-Market,23,826.02,0.05,18048.54,11911.59
SO-100779,2025-02-22,Midwest,Marketplace,SMB,10,227.85,0.0,2278.5,1581.61
SO-101290,2025-02-22,Northeast,Direct,Enterprise,11,1116.97,0.1,11058.0,7198.0
SO-102221,2025-02-22,West,Partner,Mid-Market,27,912.81,0.0,24645.87,16461.19
SO-100139,2025-02-23,West,Marketplace,Mid-Market,19,716.76,0.0,13618.44,9336.86
SO-100857,2025-02-23,Midwest,Direct,SMB,3,120.75,0.05,344.14,248.85
SO-100863,2025-02-23,Northeast,Partner,Mid-Market,20,849.96,0.1,15299.28,9471.7
SO-101209,2025-02-23,West,Marketplace,Mid-Market,2,515.36,0.0,1030.72,580.21
SO-101286,2025-02-23,Midwest,Direct,SMB,18,177.11,0.1,2869.18,2212.51
SO-101679,2025-02-23,West,Marketplace,Enterprise,6,1144.06,0.05,6521.14,3926.33
SO-101897,2025-02-23,Midwest,Direct,Enterprise,4,1553.48,0.0,6213.92,4192.42
SO-102049,2025-02-23,Midwest,Partner,Mid-Market,28,327.41,0.0,9167.48,5344.99
SO-102397,2025-02-23,West,Partner,Mid-Market,21,892.38,0.0,18739.98,12570.19
SO-100157,2025-02-24,West,Partner,SMB,11,132.94,0.0,1462.34,811.43
SO-100597,2025-02-24,Midwest,Marketplace,SMB,33,131.41,0.0,4336.53,2573.2
SO-100637,2025-02-24,West,Marketplace,SMB,36,185.46,0.25,5007.42,4549.36
SO-100727,2025-02-24,Northeast,Direct,Enterprise,10,956.43,0.15,8129.65,6840.85
SO-100998,2025-02-24,South,Marketplace,Mid-Market,9,485.96,0.05,4154.96,3125.56
SO-101490,2025-02-24,Northeast,Marketplace,Enterprise,2,2298.26,0.05,4366.69,3202.37
SO-101689,2025-02-24,West,Partner,SMB,40,97.47,0.1,3508.92,2658.04
SO-101856,2025-02-24,Midwest,Direct,Mid-Market,13,608.12,0.0,7905.56,5414.08
SO-100275,2025-02-25,Midwest,Partner,SMB,44,233.35,0.0,10267.4,6235.32
SO-101273,2025-02-25,Midwest,Direct,SMB,27,216.85,0.05,5562.2,4178.52
SO-102018,2025-02-25,Midwest,Direct,SMB,55,297.73,0.1,14737.64,10285.83
SO-102068,2025-02-25,South,Partner,Mid-Market,17,831.63,0.1,12723.94,8689.98
SO-102222,2025-02-25,South,Direct,SMB,22,127.16,0.0,2797.52,1749.69
SO-102245,2025-02-25,Northeast,Partner,SMB,9,251.17,0.0,2260.53,1252.1
SO-100134,2025-02-26,West,Marketplace,Mid-Market,30,629.88,0.25,14172.3,13335.7
SO-100392,2025-02-26,West,Partner,Enterprise,8,2550.0,0.05,19380.0,11228.91
SO-100505,2025-02-26,South,Direct,Mid-Market,20,654.7,0.0,13094.0,9011.87
SO-100546,2025-02-26,South,Direct,Enterprise,7,1792.23,0.0,12545.61,7264.04
SO-100788,2025-02-26,South,Direct,SMB,12,251.29,0.0,3015.48,2008.99
SO-100896,2025-02-26,Northeast,Partner,SMB,2,106.65,0.05,202.63,134.59
SO-100922,2025-02-26,West,Marketplace,Mid-Market,20,542.57,0.0,10851.4,7070.82
SO-101319,2025-02-26,Midwest,Marketplace,SMB,18,103.42,0.1,1675.4,1156.24
SO-101671,2025-02-26,West,Marketplace,Enterprise,4,2253.31,0.1,8111.92,5091.24
SO-101714,2025-02-26,South,Direct,Mid-Market,27,325.27,0.1,7904.06,5348.05
SO-101929,2025-02-26,West,Direct,SMB,25,165.98,0.0,4149.5,2373.42
SO-102252,2025-02-26,Northeast,Partner,SMB,51,140.43,0.0,7161.93,4066.38
SO-100342,2025-02-27,West,Partner,Mid-Market,28,479.7,0.0,13431.6,8599.34
SO-100540,2025-02-27,Northeast,Direct,SMB,59,247.97,0.0,14630.23,8993.66
SO-101609,2025-02-27,Northeast,Marketplace,SMB,14,80.32,0.1,1012.03,725.57
SO-100348,2025-02-28,South,Marketplace,SMB,56,135.44,0.0,7584.64,5256.54
SO-100890,2025-02-28,South,Partner,SMB,2,86.9,0.0,173.8,111.2
SO-101733,2025-02-28,Northeast,Marketplace,Mid-Market,23,699.64,0.05,15287.13,10766.34
SO-101893,2025-02-28,Northeast,Direct,Mid-Market,21,916.63,0.1,17324.31,10858.7
SO-102113,2025-02-28,Midwest,Partner,SMB,43,100.81,0.05,4118.09,2874.0
SO-100595,2025-03-01,West,Direct,Enterprise,12,2497.62,0.1,26974.3,18454.68
SO-100847,2025-03-01,Northeast,Direct,SMB,22,75.49,0.0,1660.78,984.03
SO-100985,2025-03-01,South,Partner,SMB,31,247.93,0.0,7685.83,4768.58
SO-101139,2025-03-01,West,Direct,SMB,49,284.4,0.0,13935.6,8159.39
SO-101161,2025-03-01,West,Marketplace,Mid-Market,21,906.4,0.0,19034.4,12073.92
SO-101578,2025-03-01,Northeast,Direct,Enterprise,2,1623.03,0.0,3246.06,2263.31
SO-101589,2025-03-01,South,Partner,Mid-Market,21,934.19,0.05,18637.09,12784.9
SO-102143,2025-03-01,Northeast,Partner,Enterprise,8,2177.94,0.0,17423.52,10130.31
SO-100196,2025-03-02,Midwest,Marketplace,Mid-Market,9,841.04,0.0,7569.36,4880.15
SO-100669,2025-03-02,South,Partner,SMB,16,215.61,0.05,3277.27,2440.82
SO-100902,2025-03-02,Midwest,Partner,SMB,40,69.85,0.15,2374.9,1689.66
SO-100966,2025-03-02,Northeast,Direct,Enterprise,3,1951.01,0.05,5560.38,3844.49
SO-101017,2025-03-02,South,Partner,Enterprise,9,2338.55,0.1,18942.26,13151.74
SO-101148,2025-03-02,South,Direct,Enterprise,2,1069.31,0.0,2138.62,1522.59
SO-101994,2025-03-02,West,Partner,SMB,45,206.48,0.0,9291.6,5645.39
SO-102037,2025-03-02,Midwest,Direct,Mid-Market,19,601.54,0.05,10857.8,6384.83
SO-102282,2025-03-02,West,Partner,Enterprise,12,1377.76,0.15,14053.15,11089.95
SO-102285,2025-03-02,West,Partner,Enterprise,8,1541.73,0.0,12333.84,6825.59
SO-100234,2025-03-03,South,Partner,SMB,6,110.58,0.05,630.31,437.17
SO-100641,2025-03-03,Midwest,Direct,SMB,28,127.95,0.0,3582.6,2242.16
SO-100951,2025-03-03,Midwest,Direct,Mid-Market,14,378.5,0.1,4769.1,3661.43
SO-101969,2025-03-03,West,Marketplace,SMB,20,199.79,0.0,3995.8,2615.03
SO-102021,2025-03-03,Midwest,Marketplace,Mid-Market,6,656.71,0.15,3349.22,2571.45
SO-102314,2025-03-03,West,Partner,Enterprise,5,2049.75,0.05,9736.31,5833.61
SO-102323,2025-03-03,West,Partner,SMB,8,186.55,0.0,1492.4,937.48
SO-100019,2025-03-04,West,Direct,Enterprise,8,2588.27,0.0,20706.16,13091.51
SO-100047,2025-03-04,Northeast,Direct,Mid-Market,12,946.41,0.0,11356.92,8013.7
SO-100111,2025-03-04,Northeast,Direct,SMB,19,119.91,0.05,2164.38,1397.51
SO-100213,2025-03-04,West,Partner,SMB,55,67.48,0.15,3154.69,2122.64
SO-100260,2025-03-04,Northeast,Partner,Mid-Market,6,661.21,0.0,3967.26,2335.11
SO-100807,2025-03-04,South,Direct,SMB,30,174.36,0.0,5230.8,3606.51
SO-101264,2025-03-04,Midwest,Partner,SMB,54,296.03,0.15,13587.78,9949.86
SO-101393,2025-03-04,South,Direct,Mid-Market,30,806.86,0.0,24205.8,14598.92
SO-102088,2025-03-04,Northeast,Marketplace,Enterprise,11,1144.77,0.0,12592.47,7251.28
SO-102280,2025-03-04,Northeast,Marketplace,SMB,29,195.18,0.25,4245.16,3202.1
SO-100002,2025-03-05,Midwest,Marketplace,SMB,41,205.0,0.15,7144.25,5447.34
SO-100100,2025-03-05,South,Direct,SMB,49,97.89,0.0,4796.61,3308.07
SO-100179,2025-03-05,West,Direct,Mid-Market,12,483.68,0.1,5223.74,4075.14
SO-100611,2025-03-05,Northeast,Direct,SMB,37,53.9,0.05,1894.58,1243.45
SO-100915,2025-03-05,Midwest,Direct,Mid-Market,4,679.07,0.0,2716.28,1614.52
SO-100999,2025-03-05,Northeast,Direct,SMB,52,239.35,0.0,12446.2,8952.13
SO-101152,2025-03-05,Midwest,Marketplace,Mid-Market,20,496.22,0.0,9924.4,6976.0
SO-101668,2025-03-05,Midwest,Direct,SMB,43,278.83,0.0,11989.69,7215.44
SO-101883,2025-03-05,Midwest,Partner,Enterprise,11,1553.54,0.0,17088.94,10271.19
SO-101906,2025-03-05,South,Partner,Enterprise,3,1721.84,0.05,4907.24,3049.33
SO-102058,2025-03-05,Midwest,Marketplace,SMB,23,168.77,0.0,3881.71,2742.91
SO-100015,2025-03-06,Midwest,Marketplace,SMB,33,287.31,0.05,9007.17,6407.07
SO-100508,2025-03-06,Northeast,Direct,SMB,29,161.38,0.05,4446.02,3080.32
SO-100639,2025-03-06,Midwest,Partner,SMB,3,66.45,0.0,199.35,110.96
SO-100740,2025-03-06,Northeast,Marketplace,SMB,11,119.47,0.15,1117.04,898.47
SO-100860,2025-03-06,West,Direct,Enterprise,8,1645.51,0.05,12505.88,9063.48
SO-100900,2025-03-06,South,Direct,Mid-Market,6,667.39,0.05,3804.12,2477.23
SO-100944,2025-03-06,Northeast,Direct,Mid-Market,29,536.79,0.0,15566.91,9116.14
SO-101465,2025-03-06,Midwest,Marketplace,SMB,4,202.85,0.0,811.4,448.82
SO-101928,2025-03-06,Northeast,Marketplace,Mid-Market,14,463.05,0.0,6482.7,4281.16
SO-101970,2025-03-06,Midwest,Partner,SMB,53,121.07,0.0,6416.71,3731.13
SO-100089,2025-03-07,West,Partner,SMB,34,207.25,0.05,6694.17,4009.9
SO-100277,2025-03-07,Midwest,Marketplace,Mid-Market,5,322.72,0.1,1452.24,1048.18
SO-100302,2025-03-07,Midwest,Partner,SMB,30,258.26,0.1,6973.02,4471.01
SO-100772,2025-03-07,Midwest,Partner,SMB,36,48.88,0.0,1759.68,1178.28
SO-101440,2025-03-07,West,Partner,Enterprise,4,1765.63,0.0,7062.52,4803.93
SO-101569,2025-03-07,Midwest,Marketplace,Mid-Market,19,491.8,0.0,9344.2,6436.51
SO-101607,2025-03-07,Midwest,Direct,Mid-Market,25,884.97,0.05,21018.04,14568.55
SO-101812,2025-03-07,West,Direct,SMB,6,136.02,0.15,693.7,531.37
SO-101814,2025-03-07,West,Marketplace,Mid-Market,29,747.02,0.0,21663.58,13255.13
SO-101936,2025-03-07,West,Partner,Mid-Market,14,550.25,0.15,6547.97,5038.2
SO-102011,2025-03-07,South,Partner,Enterprise,9,1179.25,0.1,9551.93,7235.79
SO-100053,2025-03-08,West,Marketplace,Enterprise,11,2159.51,0.0,23754.61,13724.27
SO-100409,2025-03-08,South,Direct,Mid-Market,18,735.97,0.05,12585.09,8464.8
SO-100591,2025-03-08,Northeast,Marketplace,Enterprise,11,1952.89,0.0,21481.79,12065.29
SO-100878,2025-03-08,Northeast,Marketplace,Enterprise,10,913.35,0.0,9133.5,5805.0
SO-101091,2025-03-08,South,Direct,Mid-Market,24,390.0,0.0,9360.0,5181.69
SO-101166,2025-03-08,Midwest,Marketplace,Enterprise,3,1012.2,0.15,2581.11,2059.44
SO-101254,2025-03-08,Northeast,Direct,Mid-Market,7,733.67,0.25,3851.77,3304.23
SO-101756,2025-03-08,West,Marketplace,SMB,24,198.97,0.15,4058.99,3114.3
SO-102345,2025-03-08,Northeast,Marketplace,SMB,1,199.34,0.1,179.41,135.64
SO-100032,2025-03-09,South,Direct,Enterprise,12,1501.43,0.0,18017.16,11696.19
SO-100232,2025-03-09,West,Direct,Mid-Market,3,533.47,0.25,1200.31,983.12
SO-100304,2025-03-09,Northeast,Direct,SMB,17,196.97,0.0,3348.49,2405.2
SO-100486,2025-03-09,West,Direct,Enterprise,11,2344.45,0.0,25788.95,14731.68
SO-100656,2025-03-09,West,Partner,Mid-Market,29,557.2,0.0,16158.8,11125.95
SO-100962,2025-03-09,Midwest,Direct,SMB,11,171.01,0.0,1881.11,1117.41
SO-101043,2025-03-09,Northeast,Direct,SMB,60,134.59,0.1,7267.86,4495.69
SO-101146,2025-03-09,Midwest,Direct,SMB,26,253.68,0.05,6265.9,3941.39
SO-101218,2025-03-09,West,Direct,Mid-Market,8,515.67,0.0,4125.36,2295.13
SO-101450,2025-03-09,Midwest,Marketplace,SMB,58,175.76,0.05,9684.38,5923.71
SO-101650,2025-03-09,Northeast,Direct,Mid-Market,9,717.24,0.05,6132.4,4360.64
SO-100524,2025-03-10,West,Direct,Mid-Market,11,853.16,0.0,9384.76,5771.53
SO-101067,2025-03-10,Northeast,Marketplace,Mid-Market,26,746.9,0.0,19419.4,12648.93
SO-101872,2025-03-10,West,Marketplace,SMB,34,111.89,0.0,3804.26,2596.33
SO-102007,2025-03-10,Midwest,Direct,SMB,3,175.07,0.0,525.21,340.72
SO-102380,2025-03-10,Midwest,Direct,Mid-Market,22,487.28,0.05,10184.15,6318.94
SO-100523,2025-03-11,West,Direct,SMB,28,249.29,0.0,6980.12,4573.25
SO-100593,2025-03-11,South,Direct,SMB,45,63.01,0.0,2835.45,1815.87
SO-100789,2025-03-11,Midwest,Marketplace,Mid-Market,23,530.63,0.15,10373.82,8780.4
SO-101507,2025-03-11,South,Partner,Mid-Market,3,548.67,0.0,1646.01,963.24
SO-101567,2025-03-11,West,Direct,Mid-Market,20,327.64,0.0,6552.8,4116.42
SO-102208,2025-03-11,Midwest,Direct,Mid-Market,9,733.54,0.0,6601.86,3738.76
SO-102371,2025-03-11,Northeast,Direct,Mid-Market,7,739.62,0.1,4659.61,3465.81
SO-100078,2025-03-12,West,Direct,SMB,19,168.82,0.15,2726.44,2064.14
SO-100346,2025-03-12,West,Partner,Mid-Market,21,356.26,0.0,7481.46,4588.37
SO-101041,2025-03-12,West,Direct,SMB,46,56.52,0.05,2469.92,1494.51
SO-101163,2025-03-12,West,Direct,SMB,50,246.74,0.0,12337.0,8733.94
SO-101485,2025-03-12,South,Direct,SMB,51,160.18,0.1,7352.26,5761.46
SO-101487,2025-03-12,Northeast,Marketplace,Mid-Market,15,701.03,0.0,10515.45,7331.03
SO-101497,2025-03-12,South,Marketplace,SMB,35,251.7,0.05,8369.02,5364.71
SO-102388,2025-03-12,Northeast,Direct,SMB,8,244.05,0.1,1757.16,1282.99
SO-100192,2025-03-13,South,Partner,SMB,23,206.46,0.0,4748.58,2620.99
SO-100474,2025-03-13,West,Direct,Mid-Market,27,872.76,0.0,23564.52,15918.27
SO-100490,2025-03-13,South,Direct,Mid-Market,18,357.23,0.0,6430.14,4143.16
SO-100636,2025-03-13,South,Marketplace,Enterprise,4,1272.77,0.0,5091.08,2905.68
SO-101331,2025-03-13,West,Marketplace,Enterprise,9,1831.31,0.15,14009.52,10938.53
SO-101376,2025-03-13,Midwest,Marketplace,SMB,24,275.15,0.0,6603.6,4377.87
SO-101683,2025-03-13,Northeast,Marketplace,SMB,46,48.86,0.15,1910.43,1289.58
SO-101762,2025-03-13,Northeast,Marketplace,SMB,51,165.46,0.0,8438.46,5098.7
SO-101939,2025-03-13,Northeast,Partner,Enterprise,7,1656.09,0.0,11592.63,6421.26
SO-102104,2025-03-13,South,Partner,SMB,15,65.35,0.0,980.25,585.6
SO-100097,2025-03-14,South,Marketplace,Mid-Market,24,357.89,0.0,8589.36,6035.64
SO-100223,2025-03-14,South,Partner,SMB,56,298.17,0.0,16697.52,11952.3
SO-100333,2025-03-14,South,Marketplace,SMB,11,80.27,0.05,838.82,545.88
SO-100532,2025-03-14,Northeast,Partner,SMB,39,62.32,0.0,2430.48,1368.97
SO-100803,2025-03-14,South,Marketplace,SMB,50,253.93,0.0,12696.5,7931.36
SO-100991,2025-03-14,South,Marketplace,Mid-Market,27,658.63,0.0,17783.01,12300.72
SO-101776,2025-03-14,Midwest,Marketplace,Mid-Market,3,347.06,0.0,1041.18,625.42
SO-102130,2025-03-14,Northeast,Direct,Mid-Market,23,875.89,0.0,20145.47,11370.34
SO-102291,2025-03-14,West,Partner,Mid-Market,7,597.13,0.05,3970.91,2364.86
SO-100335,2025-03-15,West,Direct,Mid-Market,23,354.84,0.1,7345.19,5724.4
SO-100733,2025-03-15,West,Marketplace,Mid-Market,19,612.32,0.1,10470.67,7300.49
SO-100983,2025-03-15,Midwest,Partner,SMB,38,188.97,0.15,6103.73,4325.89
SO-101473,2025-03-15,West,Marketplace,Mid-Market,23,723.14,0.0,16632.22,9444.04
SO-100029,2025-03-16,Northeast,Direct,SMB,39,294.98,0.05,10929.01,7012.62
SO-100140,2025-03-16,South,Direct,Mid-Market,26,371.27,0.0,9653.02,6319.0
SO-100243,2025-03-16,West,Marketplace,Mid-Market,6,487.83,0.0,2926.98,1687.31
SO-100421,2025-03-16,West,Direct,Mid-Market,8,646.48,0.0,5171.84,3713.77
SO-100800,2025-03-16,West,Partner,SMB,31,122.51,0.15,3228.14,2117.93
SO-101124,2025-03-16,South,Marketplace,SMB,42,64.84,0.25,2042.46,1843.72
SO-101136,2025-03-16,South,Marketplace,SMB,39,78.82,0.15,2612.88,1829.36
SO-101155,2025-03-16,Midwest,Marketplace,SMB,37,136.48,0.25,3787.32,3449.11
SO-101656,2025-03-16,Midwest,Marketplace,SMB,48,185.63,0.1,8019.22,5438.31
SO-101882,2025-03-16,Northeast,Direct,SMB,48,82.7,0.05,3771.12,2306.05
SO-101886,2025-03-16,South,Marketplace,SMB,11,293.1,0.05,3062.89,1820.28
SO-100021,2025-03-17,South,Partner,SMB,59,51.9,0.05,2908.99,2193.52
SO-100269,2025-03-17,West,Direct,Mid-Market,18,402.76,0.0,7249.68,4488.37
SO-100801,2025-03-17,South,Direct,Mid-Market,30,761.75,0.1,20567.25,13518.13
SO-101186,2025-03-17,Midwest,Direct,Enterprise,8,1131.41,0.15,7693.59,5474.33
SO-101322,2025-03-17,Midwest,Partner,Mid-Market,16,525.05,0.0,8400.8,5718.86
SO-101555,2025-03-17,Northeast,Partner,SMB,5,185.61,0.05,881.65,585.57
SO-101562,2025-03-17,Midwest,Direct,Mid-Market,5,394.51,0.0,1972.55,1125.52
SO-102017,2025-03-17,West,Direct,SMB,55,296.12,0.05,15472.27,11388.07
SO-100034,2025-03-18,Northeast,Partner,Enterprise,8,1952.47,0.0,15619.76,8754.85
SO-100278,2025-03-18,South,Partner,Mid-Market,27,495.96,0.05,12721.37,7617.75
SO-100598,2025-03-18,Midwest,Direct,SMB,40,126.92,0.0,5076.8,3435.0
SO-100742,2025-03-18,West,Partner,Mid-Market,22,865.93,0.0,19050.46,10960.02
SO-100882,2025-03-18,Midwest,Partner,SMB,33,113.2,0.15,3175.26,2488.85
SO-101006,2025-03-18,South,Marketplace,Enterprise,9,1343.81,0.05,11489.58,7676.63
SO-101115,2025-03-18,South,Marketplace,Mid-Market,18,763.45,0.1,12367.89,7701.86
SO-101455,2025-03-18,South,Direct,Mid-Market,16,493.28,0.05,7497.86,4431.2
SO-100107,2025-03-19,Northeast,Partner,SMB,21,264.62,0.0,5557.02,3796.84
SO-100560,2025-03-19,Midwest,Marketplace,SMB,18,291.78,0.1,4726.84,2973.3
SO-100988,2025-03-19,South,Partner,Mid-Market,10,615.21,0.0,6152.1,3659.18
SO-101309,2025-03-19,West,Partner,SMB,24,129.71,0.15,2646.08,1788.91
SO-102002,2025-03-19,Northeast,Partner,Enterprise,9,901.74,0.05,7709.88,5786.52
SO-102003,2025-03-19,West,Direct,SMB,20,190.34,0.05,3616.46,2249.09
SO-102054,2025-03-19,Northeast,Direct,SMB,32,53.87,0.0,1723.84,1191.91
SO-102072,2025-03-19,West,Marketplace,SMB,12,51.01,0.05,581.51,366.9
SO-102129,2025-03-19,West,Partner,SMB,39,251.18,0.1,8816.42,5443.5
SO-102253,2025-03-19,West,Direct,Enterprise,4,2056.44,0.1,7403.18,5132.82
SO-100285,2025-03-20,South,Direct,SMB,27,169.11,0.0,4565.97,2996.11
SO-100737,2025-03-20,West,Partner,Mid-Market,7,617.26,0.05,4104.78,2954.52
SO-100804,2025-03-20,Midwest,Partner,SMB,12,260.27,0.25,2342.43,1871.17
SO-100808,2025-03-20,West,Marketplace,SMB,15,275.11,0.0,4126.65,2909.93
SO-100910,2025-03-20,South,Marketplace,Mid-Market,30,805.32,0.0,24159.6,15454.21
SO-101341,2025-03-20,West,Marketplace,Mid-Market,9,419.01,0.05,3582.54,2572.64
SO-101408,2025-03-20,Midwest,Marketplace,Enterprise,8,2489.39,0.0,19915.12,11273.81
SO-101921,2025-03-20,Northeast,Direct,SMB,52,230.81,0.0,12002.12,7039.9
SO-102047,2025-03-20,West,Partner,SMB,24,68.04,0.25,1224.72,1022.49
SO-102060,2025-03-20,South,Partner,Mid-Market,28,511.88,0.15,12182.74,8283.88
SO-102387,2025-03-20,West,Partner,Enterprise,11,2025.02,0.05,21161.46,12299.75
SO-100618,2025-03-21,West,Partner,SMB,10,84.07,0.0,840.7,466.73
SO-101184,2025-03-21,West,Direct,Mid-Market,9,636.9,0.1,5158.89,3554.5
SO-101201,2025-03-21,Midwest,Direct,SMB,49,220.59,0.1,9728.02,6239.64
SO-101221,2025-03-21,South,Marketplace,SMB,11,147.63,0.1,1461.54,1150.51
SO-101247,2025-03-21,South,Direct,SMB,53,115.91,0.05,5836.07,4111.72
SO-101513,2025-03-21,West,Marketplace,Enterprise,11,1642.21,0.1,16257.88,11147.66
SO-101800,2025-03-21,South,Marketplace,SMB,57,102.9,0.0,5865.3,3646.51
SO-101820,2025-03-21,Midwest,Partner,SMB,45,285.47,0.15,10919.23,7548.53
SO-102343,2025-03-21,West,Partner,SMB,40,83.24,0.0,3329.6,1972.0
SO-100180,2025-03-22,Midwest,Partner,Mid-Market,15,624.13,0.0,9361.95,6515.46
SO-100240,2025-03-22,Northeast,Marketplace,SMB,15,64.84,0.05,923.97,596.62
SO-100385,2025-03-22,West,Direct,Mid-Market,29,804.6,0.25,17500.05,13374.92
SO-100683,2025-03-22,West,Marketplace,SMB,51,59.89,0.05,2901.67,1854.04
SO-101036,2025-03-22,Northeast,Partner,Enterprise,6,2304.29,0.1,12443.17,9830.78
SO-101426,2025-03-22,South,Partner,SMB,34,282.6,0.1,8647.56,5822.88
SO-101633,2025-03-22,West,Marketplace,Enterprise,1,1240.0,0.0,1240.0,807.79
SO-100148,2025-03-23,West,Direct,Enterprise,2,921.0,0.05,1749.9,1307.74
SO-100813,2025-03-23,West,Marketplace,Mid-Market,4,539.87,0.15,1835.56,1247.14
SO-101392,2025-03-23,South,Direct,SMB,43,209.85,0.0,9023.55,6024.39
SO-101904,2025-03-23,Midwest,Direct,SMB,31,278.74,0.1,7776.85,4932.92
SO-102155,2025-03-23,South,Marketplace,Enterprise,4,1776.07,0.25,5328.21,4090.18
SO-102258,2025-03-23,West,Direct,SMB,40,144.38,0.0,5775.2,3294.69
SO-100126,2025-03-24,South,Direct,SMB,55,101.63,0.0,5589.65,3878.54
SO-100312,2025-03-24,Midwest,Partner,Mid-Market,26,510.94,0.0,13284.44,7395.05
SO-100440,2025-03-24,Midwest,Partner,SMB,30,54.15,0.0,1624.5,1053.44
SO-101022,2025-03-24,Midwest,Direct,Enterprise,8,1517.78,0.0,12142.24,8252.36
SO-101081,2025-03-24,West,Partner,Mid-Market,10,324.42,0.0,3244.2,1981.5
SO-101350,2025-03-24,Midwest,Marketplace,SMB,8,226.9,0.1,1633.68,1274.18
SO-101491,2025-03-24,West,Partner,Mid-Market,21,374.08,0.0,7855.68,4843.77
SO-102151,2025-03-24,West,Partner,Enterprise,11,2451.27,0.0,26963.97,16935.39
SO-100017,2025-03-25,West,Direct,Enterprise,10,989.38,0.0,9893.8,5696.01
SO-100247,2025-03-25,Midwest,Partner,Enterprise,12,2563.51,0.0,30762.12,20265.09
SO-100465,2025-03-25,Midwest,Marketplace,Mid-Market,2,320.22,0.0,640.44,455.13
SO-100659,2025-03-25,South,Direct,SMB,15,165.84,0.1,2238.84,1473.98
SO-100676,2025-03-25,West,Partner,Enterprise,3,1087.68,0.1,2936.74,1863.9
SO-100757,2025-03-25,South,Marketplace,Enterprise,12,1992.06,0.25,17928.54,14362.69
SO-101237,2025-03-25,South,Direct,Enterprise,9,2389.02,0.0,21501.18,12088.07
SO-102305,2025-03-25,Northeast,Direct,Enterprise,12,1738.54,0.15,17733.11,14729.15
SO-100217,2025-03-26,Northeast,Direct,SMB,54,169.01,0.0,9126.54,5589.88
SO-100620,2025-03-26,West,Direct,SMB,16,182.33,0.0,2917.28,2012.12
SO-100953,2025-03-26,West,Direct,SMB,50,206.68,0.05,9817.3,5697.69
SO-100990,2025-03-26,Midwest,Partner,SMB,42,79.94,0.05,3189.61,2179.13
SO-101060,2025-03-26,West,Direct,Mid-Market,21,390.95,0.05,7799.45,5123.95
SO-101672,2025-03-26,West,Marketplace,Mid-Market,22,689.43,0.15,12892.34,10242.17
SO-102038,2025-03-26,Midwest,Direct,Mid-Market,21,527.35,0.05,10520.63,6977.08
SO-102096,2025-03-26,Midwest,Marketplace,Enterprise,11,1908.72,0.05,19946.12,14306.4
SO-102110,2025-03-26,Midwest,Marketplace,SMB,56,124.4,0.0,6966.4,4960.44
SO-100218,2025-03-27,Midwest,Direct,Enterprise,2,1517.55,0.05,2883.34,1994.21
SO-101194,2025-03-27,West,Direct,Enterprise,12,970.85,0.15,9902.67,7873.22
SO-101361,2025-03-27,South,Partner,Mid-Market,20,871.12,0.0,17422.4,12236.92
SO-101654,2025-03-27,West,Direct,Enterprise,4,2115.09,0.0,8460.36,4752.78
SO-101794,2025-03-27,South,Direct,Enterprise,4,1441.96,0.05,5479.45,3429.43
SO-101881,2025-03-27,Northeast,Partner,Enterprise,5,2594.65,0.0,12973.25,9265.25
SO-100323,2025-03-28,South,Direct,SMB,10,197.66,0.0,1976.6,1344.58
SO-100640,2025-03-28,South,Direct,Enterprise,3,1082.09,0.0,3246.27,1982.97
SO-100920,2025-03-28,South,Direct,Mid-Market,16,859.87,0.0,13757.92,7794.97
SO-101178,2025-03-28,Northeast,Marketplace,Mid-Market,18,618.79,0.0,11138.22,7046.7
SO-101240,2025-03-28,Midwest,Marketplace,Mid-Market,13,734.36,0.0,9546.68,5387.41
SO-101623,2025-03-28,West,Direct,SMB,24,94.91,0.05,2163.95,1257.75
SO-101657,2025-03-28,West,Marketplace,Enterprise,6,2281.25,0.1,12318.75,7741.15
SO-102189,2025-03-28,South,Marketplace,SMB,27,203.9,0.05,5230.03,3623.81
SO-100124,2025-03-29,South,Direct,SMB,7,142.85,0.1,899.95,684.63
SO-100968,2025-03-29,South,Direct,Mid-Market,5,446.19,0.15,1896.31,1537.66
SO-100979,2025-03-29,Northeast,Direct,Mid-Market,13,621.17,0.0,8075.21,4905.83
SO-101798,2025-03-29,Midwest,Partner,Enterprise,6,1546.27,0.1,8349.86,5322.33
SO-102230,2025-03-29,Midwest,Direct,Mid-Market,27,847.54,0.0,22883.58,13645.66
SO-102266,2025-03-29,Northeast,Direct,Mid-Market,24,749.33,0.05,17084.72,11005.13
SO-100296,2025-03-30,West,Marketplace,Mid-Market,30,866.2,0.0,25986.0,16140.53
SO-100574,2025-03-30,Northeast,Marketplace,Enterprise,4,906.69,0.0,3626.76,2158.19
SO-100594,2025-03-30,West,Marketplace,Mid-Market,27,588.24,0.0,15882.48,9068.19
SO-100777,2025-03-30,Midwest,Partner,SMB,57,244.29,0.15,11835.85,8745.51
SO-100790,2025-03-30,West,Partner,SMB,4,89.49,0.0,357.96,224.42
SO-100843,2025-03-30,West,Direct,Mid-Market,11,393.56,0.1,3896.24,2489.75
SO-101113,2025-03-30,Midwest,Marketplace,Enterprise,10,2224.89,0.05,21136.45,14470.41
SO-101219,2025-03-30,Northeast,Direct,Mid-Market,4,555.01,0.05,2109.04,1354.55
SO-101415,2025-03-30,Midwest,Direct,SMB,33,132.86,0.05,4165.16,2994.88
SO-101456,2025-03-30,West,Direct,Mid-Market,22,650.59,0.0,14312.98,9091.13
SO-100151,2025-03-31,South,Marketplace,Mid-Market,5,484.7,0.05,2302.32,1383.71
SO-100642,2025-03-31,Midwest,Partner,Enterprise,3,2249.28,0.05,6410.45,4462.95
SO-100645,2025-03-31,South,Partner,SMB,11,221.12,0.0,2432.32,1669.42
SO-100881,2025-03-31,West,Marketplace,SMB,22,259.97,0.0,5719.34,3458.75
SO-100954,2025-03-31,Northeast,Partner,Mid-Market,12,566.59,0.15,5779.22,4139.18
SO-101001,2025-03-31,Midwest,Direct,Mid-Market,10,451.93,0.15,3841.41,2557.7
SO-101504,2025-03-31,Northeast,Direct,Mid-Market,2,844.83,0.1,1520.69,1099.04
SO-101549,2025-03-31,West,Direct,SMB,52,108.82,0.05,5375.71,3313.75
SO-101630,2025-03-31,Northeast,Partner,Mid-Market,29,788.44,0.25,17148.57,14125.71
SO-100336,2025-04-01,Northeast,Partner,SMB,11,141.6,0.0,1557.6,1069.62
SO-100380,2025-04-01,South,Direct,SMB,55,279.97,0.0,15398.35,8545.12
SO-101121,2025-04-01,West,Partner,SMB,32,78.61,0.05,2389.74,1559.32
SO-101169,2025-04-01,South,Partner,Mid-Market,28,357.98,0.0,10023.44,5845.59
SO-102357,2025-04-01,South,Direct,Enterprise,11,2384.22,0.1,23603.78,17496.39
SO-102398,2025-04-01,West,Direct,Mid-Market,30,360.04,0.0,10801.2,7726.83
SO-100313,2025-04-02,Midwest,Partner,SMB,15,190.39,0.1,2570.26,1694.38
SO-100692,2025-04-02,South,Partner,Enterprise,2,1824.63,0.0,3649.26,2153.0
SO-100758,2025-04-02,Midwest,Direct,SMB,41,172.84,0.0,7086.44,4044.94
SO-101037,2025-04-02,West,Marketplace,SMB,5,127.98,0.15,543.91,436.96
SO-101329,2025-04-02,Northeast,Partner,Mid-Market,7,465.7,0.05,3096.9,2016.31
SO-101663,2025-04-02,West,Direct,SMB,35,125.0,0.0,4375.0,2668.54
SO-102101,2025-04-02,South,Direct,Mid-Market,9,615.12,0.05,5259.28,3433.09
SO-100004,2025-04-03,West,Direct,Enterprise,10,1986.15,0.0,19861.5,12773.26
SO-100006,2025-04-03,Midwest,Direct,SMB,16,65.87,0.0,1053.92,668.36
SO-100549,2025-04-03,Midwest,Marketplace,Mid-Market,22,731.37,0.05,15285.63,8916.52
SO-100566,2025-04-03,South,Direct,Mid-Market,12,814.99,0.0,9779.88,6094.91
SO-100849,2025-04-03,Northeast,Direct,Mid-Market,12,894.68,0.0,10736.16,6375.8
SO-100867,2025-04-03,Northeast,Marketplace,Enterprise,8,1723.41,0.15,11719.19,9217.83
SO-100908,2025-04-03,Northeast,Marketplace,Mid-Market,19,659.23,0.0,12525.37,7419.55
SO-100994,2025-04-03,Midwest,Direct,Mid-Market,10,921.32,0.0,9213.2,6276.96
SO-101125,2025-04-03,West,Direct,Mid-Market,4,344.75,0.05,1310.05,777.47
SO-101509,2025-04-03,Northeast,Marketplace,Mid-Market,14,902.98,0.15,10745.46,8850.98
SO-101746,2025-04-03,Northeast,Partner,SMB,48,89.46,0.0,4294.08,2475.66
SO-101834,2025-04-03,Northeast,Partner,Mid-Market,17,880.68,0.25,11228.67,8541.75
SO-102191,2025-04-03,West,Marketplace,Mid-Market,12,917.02,0.15,9353.6,7213.85
SO-100181,2025-04-04,South,Direct,SMB,21,243.44,0.0,5112.24,3237.44
SO-100809,2025-04-04,South,Direct,SMB,41,178.02,0.1,6568.94,5229.62
SO-100811,2025-04-04,Northeast,Direct,Enterprise,6,2411.65,0.0,14469.9,9673.56
SO-100866,2025-04-04,West,Direct,SMB,14,80.06,0.0,1120.84,660.54
SO-101070,2025-04-04,West,Direct,Mid-Market,16,828.51,0.0,13256.16,9225.09
SO-101364,2025-04-04,West,Marketplace,Enterprise,12,1226.29,0.05,13979.71,8880.55
SO-101475,2025-04-04,West,Partner,Mid-Market,14,443.61,0.0,6210.54,4442.5
SO-102180,2025-04-04,West,Marketplace,SMB,26,88.5,0.0,2301.0,1352.59
SO-102346,2025-04-04,West,Direct,Mid-Market,21,618.0,0.05,12329.1,8242.02
SO-100118,2025-04-05,West,Direct,SMB,5,96.87,0.1,435.92,311.52
SO-100658,2025-04-05,Midwest,Direct,SMB,42,252.75,0.0,10615.5,6174.07
SO-100778,2025-04-05,Northeast,Partner,SMB,43,90.08,0.0,3873.44,2717.86
SO-100810,2025-04-05,Midwest,Marketplace,Mid-Market,23,567.33,0.0,13048.59,8677.33
SO-100898,2025-04-05,Midwest,Direct,Enterprise,5,2293.35,0.15,9746.74,8188.76
SO-100937,2025-04-05,West,Marketplace,SMB,44,204.93,0.0,9016.92,6366.7
SO-100970,2025-04-05,South,Partner,Enterprise,5,1155.11,0.05,5486.77,3316.05
SO-101584,2025-04-05,Midwest,Marketplace,SMB,53,89.02,0.25,3538.54,3233.12
SO-101624,2025-04-05,Northeast,Partner,SMB,29,236.29,0.0,6852.41,4675.73
SO-101833,2025-04-05,West,Direct,Mid-Market,23,708.13,0.05,15472.64,10428.03
SO-101950,2025-04-05,West,Direct,Mid-Market,22,664.59,0.25,10965.74,8864.56
SO-101965,2025-04-05,South,Direct,Mid-Market,26,552.1,0.0,14354.6,8222.83
SO-102334,2025-04-05,South,Direct,Enterprise,5,1859.71,0.1,8368.69,5293.27
SO-100329,2025-04-06,South,Marketplace,SMB,34,260.66,0.15,7533.07,5128.15
SO-100723,2025-04-06,Northeast,Marketplace,Mid-Market,22,636.11,0.1,12594.98,9529.78
SO-101481,2025-04-06,West,Partner,Mid-Market,9,481.25,0.25,3248.44,2615.74
SO-101896,2025-04-06,West,Marketplace,Mid-Market,10,522.82,0.15,4443.97,2952.24
SO-101945,2025-04-06,Northeast,Partner,Mid-Market,22,805.26,0.0,17715.72,10120.84
SO-101947,2025-04-06,Northeast,Partner,Mid-Market,16,942.02,0.0,15072.32,10312.17
SO-100272,2025-04-07,West,Marketplace,Mid-Market,14,930.85,0.0,13031.9,9215.02
SO-100340,2025-04-07,Midwest,Partner,Mid-Market,25,601.83,0.0,15045.75,9964.53
SO-100708,2025-04-07,West,Marketplace,Mid-Market,20,744.84,0.05,14151.96,8937.26
SO-101544,2025-04-07,South,Marketplace,Enterprise,12,2481.05,0.0,29772.6,19256.49
SO-102025,2025-04-07,West,Partner,Enterprise,10,2028.15,0.1,18253.35,14022.75
SO-102044,2025-04-07,Midwest,Direct,Enterprise,9,983.94,0.0,8855.46,5992.34
SO-102339,2025-04-07,South,Direct,Mid-Market,7,434.55,0.05,2889.76,1876.48
SO-100496,2025-04-08,West,Marketplace,Mid-Market,8,390.49,0.0,3123.92,2121.53
SO-100580,2025-04-08,West,Partner,SMB,29,250.02,0.1,6525.52,4272.85
SO-100684,2025-04-08,Midwest,Direct,Mid-Market,7,464.22,0.0,3249.54,1930.3
SO-100743,2025-04-08,South,Direct,Enterprise,10,1814.12,0.0,18141.2,11531.09
SO-101352,2025-04-08,South,Direct,SMB,12,189.34,0.0,2272.08,1450.86
SO-101368,2025-04-08,Northeast,Marketplace,SMB,22,129.86,0.25,2142.69,1956.65
SO-101615,2025-04-08,Midwest,Marketplace,Mid-Market,27,908.48,0.15,20849.62,16062.51
SO-101676,2025-04-08,Midwest,Partner,Mid-Market,4,474.63,0.15,1613.74,1061.31
SO-101697,2025-04-08,West,Partner,SMB,44,176.04,0.0,7745.76,5298.91
SO-101713,2025-04-08,Northeast,Direct,SMB,27,118.78,0.0,3207.06,2116.1
SO-101739,2025-04-08,Midwest,Direct,Mid-Market,11,465.65,0.1,4609.93,3543.44
SO-101836,2025-04-08,Northeast,Partner,Mid-Market,30,415.28,0.0,12458.4,8900.72
SO-101914,2025-04-08,South,Marketplace,Mid-Market,12,489.86,0.0,5878.32,3451.23
SO-102356,2025-04-08,Northeast,Marketplace,Mid-Market,16,812.64,0.05,12352.13,8172.91
SO-100090,2025-04-09,South,Direct,Mid-Market,9,818.01,0.0,7362.09,4721.83
SO-100128,2025-04-09,Midwest,Direct,Enterprise,9,2332.22,0.05,19940.48,13927.74
SO-100251,2025-04-09,South,Marketplace,SMB,13,47.56,0.05,587.37,394.66
SO-100308,2025-04-09,Midwest,Direct,Enterprise,5,1049.5,0.0,5247.5,3614.8
SO-100414,2025-04-09,Midwest,Direct,SMB,55,226.53,0.0,12459.15,8262.31
SO-101459,2025-04-09,West,Direct,Enterprise,11,1178.23,0.15,11016.45,7668.71
SO-101474,2025-04-09,West,Direct,SMB,22,294.11,0.15,5499.86,3605.0
SO-101648,2025-04-09,West,Partner,SMB,33,226.43,0.15,6351.36,5221.06
SO-101736,2025-04-09,South,Direct,SMB,36,170.21,0.0,6127.56,3453.73
SO-101875,2025-04-09,West,Direct,SMB,14,224.58,0.0,3144.12,2143.83
SO-102310,2025-04-09,Northeast,Direct,Enterprise,10,1166.85,0.05,11085.07,7017.53
SO-100023,2025-04-10,Midwest,Marketplace,SMB,53,147.17,0.1,7020.01,4555.1
SO-100115,2025-04-10,South,Partner,SMB,24,175.73,0.0,4217.52,2752.0
SO-100258,2025-04-10,Northeast,Direct,Mid-Market,28,697.62,0.05,18556.69,12479.76
SO-100541,2025-04-10,Midwest,Marketplace,SMB,49,142.97,0.0,7005.53,4616.94
SO-100773,2025-04-10,West,Partner,Mid-Market,7,769.56,0.0,5386.92,3567.82
SO-101385,2025-04-10,Midwest,Partner,SMB,4,54.75,0.0,219.0,145.58
SO-101563,2025-04-10,South,Direct,SMB,28,82.12,0.0,2299.36,1600.08
SO-101642,2025-04-10,West,Marketplace,SMB,21,168.71,0.0,3542.91,2020.56
SO-101743,2025-04-10,Midwest,Partner,SMB,29,176.43,0.05,4860.65,3504.82
SO-102244,2025-04-10,South,Marketplace,SMB,35,156.47,0.1,4928.81,3220.41
SO-102292,2025-04-10,South,Partner,Enterprise,7,1087.84,0.0,7614.88,4229.24
SO-100662,2025-04-11,South,Marketplace,SMB,11,177.77,0.0,1955.47,1181.31
SO-100695,2025-04-11,Midwest,Partner,Mid-Market,8,624.27,0.0,4994.16,3064.06
SO-101228,2025-04-11,Northeast,Partner,SMB,45,121.87,0.0,5484.15,3064.8
SO-101259,2025-04-11,Northeast,Partner,SMB,10,64.55,0.0,645.5,412.2
SO-101561,2025-04-11,Midwest,Marketplace,SMB,55,295.09,0.15,13795.46,9457.04
SO-101841,2025-04-11,West,Direct,SMB,49,162.68,0.0,7971.32,5198.67
SO-102236,2025-04-11,West,Partner,SMB,15,282.75,0.25,3180.94,2513.76
SO-100066,2025-04-12,Northeast,Direct,Enterprise,3,1464.01,0.05,4172.43,2932.96
SO-100399,2025-04-12,West,Partner,SMB,6,259.98,0.1,1403.89,1098.86
SO-100434,2025-04-12,West,Direct,Mid-Market,25,435.89,0.0,10897.25,6737.05
SO-100573,2025-04-12,West,Direct,SMB,39,181.39,0.1,6366.79,4218.45
SO-100624,2025-04-12,West,Direct,Mid-Market,29,578.38,0.05,15934.37,10089.68
SO-100667,2025-04-12,West,Direct,SMB,56,214.55,0.0,12014.8,6992.82
SO-100842,2025-04-12,Northeast,Partner,SMB,26,132.46,0.0,3443.96,2098.2
SO-100855,2025-04-12,West,Marketplace,SMB,8,220.74,0.0,1765.92,1261.32
SO-100969,2025-04-12,Midwest,Direct,Mid-Market,20,393.07,0.0,7861.4,4662.0
SO-101128,2025-04-12,West,Partner,Mid-Market,24,453.27,0.15,9246.71,7283.55
SO-101168,2025-04-12,South,Direct,SMB,21,283.81,0.15,5066.01,3282.76
SO-101463,2025-04-12,Northeast,Marketplace,Mid-Market,24,922.56,0.05,21034.37,15875.78
SO-101873,2025-04-12,West,Direct,Enterprise,12,1369.08,0.0,16428.96,10254.15
SO-100027,2025-04-13,South,Partner,Mid-Market,7,593.37,0.05,3945.91,2345.73
SO-100037,2025-04-13,West,Partner,SMB,29,174.58,0.1,4556.54,3221.56
SO-100410,2025-04-13,West,Direct,Enterprise,5,998.15,0.0,4990.75,3354.24
SO-100553,2025-04-13,Midwest,Direct,SMB,26,51.38,0.0,1335.88,816.47
SO-100725,2025-04-13,Northeast,Marketplace,SMB,40,245.81,0.15,8357.54,6800.99
SO-100744,2025-04-13,West,Marketplace,Mid-Market,30,803.55,0.05,22901.17,15462.97
SO-101059,2025-04-13,West,Direct,SMB,9,232.52,0.0,2092.68,1351.97
SO-101294,2025-04-13,Midwest,Direct,SMB,60,254.26,0.0,15255.6,8968.07
SO-101530,2025-04-13,South,Direct,Enterprise,8,2078.48,0.0,16627.84,11240.15
SO-101628,2025-04-13,Northeast,Partner,Mid-Market,5,423.13,0.15,1798.3,1366.28
SO-101839,2025-04-13,West,Partner,Mid-Market,16,703.56,0.25,8442.72,6396.74
SO-101924,2025-04-13,South,Direct,SMB,27,61.09,0.0,1649.43,1116.65
SO-100154,2025-04-14,Northeast,Direct,SMB,48,278.31,0.0,13358.88,8230.14
SO-100246,2025-04-14,West,Direct,SMB,28,297.71,0.25,6251.91,5895.66
SO-100555,2025-04-14,Midwest,Direct,Mid-Market,27,607.64,0.0,16406.28,11704.34
SO-100621,2025-04-14,Northeast,Direct,SMB,47,228.8,0.1,9678.24,7216.25
SO-100761,2025-04-14,Midwest,Direct,Enterprise,7,2196.8,0.0,15377.6,8856.73
SO-101558,2025-04-14,Midwest,Direct,SMB,22,292.41,0.0,6433.02,4455.64
SO-101604,2025-04-14,West,Direct,Mid-Market,23,542.54,0.15,10606.66,8219.16
SO-101702,2025-04-14,Northeast,Marketplace,SMB,2,295.53,0.0,591.06,379.68
SO-101742,2025-04-14,West,Partner,SMB,40,287.5,0.0,11500.0,7893.2
SO-101805,2025-04-14,West,Direct,Mid-Market,4,921.08,0.05,3500.1,2584.59
SO-102370,2025-04-14,Northeast,Direct,SMB,17,224.63,0.05,3627.77,2616.86
SO-100427,2025-04-15,West,Marketplace,SMB,4,90.93,0.15,309.16,207.74
SO-100451,2025-04-15,West,Marketplace,Mid-Market,9,752.2,0.1,6092.82,3800.37
SO-100755,2025-04-15,Midwest,Direct,Enterprise,7,2016.47,0.05,13409.53,7815.96
SO-101631,2025-04-15,West,Direct,SMB,20,131.49,0.0,2629.8,1801.19
SO-101903,2025-04-15,Midwest,Marketplace,SMB,4,159.45,0.0,637.8,380.57
SO-101941,2025-04-15,South,Direct,SMB,7,162.05,0.15,964.2,744.07
SO-100005,2025-04-16,Midwest,Direct,Mid-Market,19,589.38,0.0,11198.22,7273.75
SO-100049,2025-04-16,South,Direct,Mid-Market,18,743.46,0.0,13382.28,9188.61
SO-100829,2025-04-16,South,Direct,SMB,53,85.59,0.0,4536.27,3098.37
SO-100887,2025-04-16,West,Partner,Enterprise,11,1471.63,0.05,15378.53,10398.66
SO-101581,2025-04-16,West,Direct,Mid-Market,12,549.05,0.0,6588.6,4516.31
SO-100492,2025-04-17,West,Marketplace,Mid-Market,27,683.85,0.1,16617.56,10855.1
SO-100536,2025-04-17,West,Direct,SMB,43,130.56,0.05,5333.38,3894.83
SO-100700,2025-04-17,Midwest,Direct,SMB,51,155.2,0.1,7123.68,4697.57
SO-100918,2025-04-17,West,Direct,SMB,15,106.27,0.0,1594.05,985.48
SO-101410,2025-04-17,West,Marketplace,SMB,40,67.74,0.0,2709.6,1681.57
SO-101525,2025-04-17,West,Direct,SMB,45,226.46,0.15,8662.1,5957.05
SO-101526,2025-04-17,West,Direct,Mid-Market,30,583.02,0.0,17490.6,11591.05
SO-101592,2025-04-17,West,Direct,SMB,45,110.44,0.05,4721.31,2828.02
SO-101802,2025-04-17,Midwest,Direct,Mid-Market,7,831.84,0.0,5822.88,3646.99
SO-101955,2025-04-17,Northeast,Marketplace,SMB,33,99.48,0.05,3118.7,2122.95
SO-102348,2025-04-17,South,Direct,Enterprise,3,1940.24,0.15,4947.61,3607.84
SO-100070,2025-04-18,West,Marketplace,Enterprise,2,1140.96,0.05,2167.82,1624.65
SO-100435,2025-04-18,Northeast,Partner,SMB,34,179.22,0.0,6093.48,3711.85
SO-100522,2025-04-18,West,Partner,SMB,47,236.76,0.0,11127.72,6161.05
SO-100971,2025-04-18,Midwest,Partner,Mid-Market,7,450.29,0.0,3152.03,1942.98
SO-101583,2025-04-18,South,Marketplace,SMB,30,270.71,0.1,7309.17,5018.16
SO-101659,2025-04-18,West,Direct,Mid-Market,24,555.35,0.0,13328.4,9328.54
SO-101878,2025-04-18,South,Direct,SMB,5,199.03,0.05,945.39,569.22
SO-102312,2025-04-18,Northeast,Marketplace,SMB,8,263.28,0.0,2106.24,1462.7
SO-100031,2025-04-19,West,Direct,Enterprise,4,1398.04,0.0,5592.16,3633.19
SO-100371,2025-04-19,Northeast,Direct,Mid-Market,29,792.07,0.05,21821.53,14216.24
SO-100583,2025-04-19,South,Marketplace,SMB,45,160.83,0.0,7237.35,4206.86
SO-100648,2025-04-19,Midwest,Partner,SMB,51,201.72,0.0,10287.72,6672.43
SO-101034,2025-04-19,West,Marketplace,Enterprise,9,2001.02,0.05,17108.72,10132.51
SO-101315,2025-04-19,West,Direct,Mid-Market,15,842.77,0.0,12641.55,8510.75
SO-101369,2025-04-19,West,Marketplace,SMB,54,113.16,0.05,5805.11,3753.08
SO-101531,2025-04-19,West,Direct,Mid-Market,7,756.5,0.0,5295.5,3174.36
SO-101901,2025-04-19,South,Direct,SMB,31,194.15,0.0,6018.65,3331.52
SO-101968,2025-04-19,West,Direct,Mid-Market,16,698.19,0.0,11171.04,7954.46
SO-102108,2025-04-19,South,Partner,Enterprise,10,2346.24,0.0,23462.4,14942.31
SO-102294,2025-04-19,South,Direct,Enterprise,7,1133.63,0.1,7141.87,4463.7
SO-100231,2025-04-20,Northeast,Partner,Mid-Market,26,496.29,0.0,12903.54,8077.18
SO-100347,2025-04-20,Northeast,Marketplace,Mid-Market,5,765.68,0.0,3828.4,2683.96
SO-100606,2025-04-20,West,Marketplace,SMB,24,108.58,0.0,2605.92,1578.18
SO-100699,2025-04-20,Northeast,Marketplace,SMB,56,136.28,0.0,7631.68,4663.78
SO-101033,2025-04-20,Midwest,Partner,Mid-Market,15,515.53,0.0,7732.95,5288.25
SO-101234,2025-04-20,Northeast,Direct,SMB,59,196.03,0.0,11565.77,8168.64
SO-101360,2025-04-20,Midwest,Direct,SMB,30,241.47,0.05,6881.9,5114.45
SO-101662,2025-04-20,South,Marketplace,SMB,8,64.15,0.0,513.2,359.69
SO-102114,2025-04-20,Northeast,Partner,Enterprise,3,1045.62,0.0,3136.86,2182.76
SO-102210,2025-04-20,Northeast,Partner,Mid-Market,19,865.35,0.0,16441.65,10960.82
SO-100164,2025-04-21,West,Direct,SMB,53,68.18,0.1,3252.19,2092.11
SO-101000,2025-04-21,West,Direct,SMB,1,200.67,0.05,190.64,139.63
SO-101019,2025-04-21,Midwest,Direct,SMB,50,71.87,0.1,3234.15,2331.83
SO-101133,2025-04-21,West,Direct,SMB,30,102.24,0.05,2913.84,1731.7
SO-101174,2025-04-21,South,Partner,Mid-Market,7,751.67,0.1,4735.52,3188.95
SO-101887,2025-04-21,Northeast,Direct,SMB,35,139.87,0.15,4161.13,3519.52
SO-102071,2025-04-21,South,Direct,Mid-Market,6,833.14,0.0,4998.84,2798.04
SO-102141,2025-04-21,South,Direct,SMB,39,67.45,0.25,1972.91,1859.09
SO-100127,2025-04-22,South,Marketplace,Enterprise,9,1166.01,0.0,10494.09,6038.4
SO-100182,2025-04-22,Northeast,Partner,Enterprise,4,1782.67,0.0,7130.68,4618.37
SO-100739,2025-04-22,South,Partner,Mid-Market,27,321.2,0.1,7805.16,5144.18
SO-100840,2025-04-22,Northeast,Partner,Mid-Market,26,320.35,0.0,8329.1,5523.49
SO-101206,2025-04-22,Midwest,Marketplace,SMB,30,176.2,0.0,5286.0,3347.17
SO-101618,2025-04-22,Northeast,Partner,SMB,13,76.18,0.0,990.34,607.68
SO-101718,2025-04-22,South,Partner,SMB,39,87.44,0.15,2898.64,2263.23
SO-102090,2025-04-22,South,Partner,SMB,46,149.47,0.1,6188.06,3925.33
SO-102193,2025-04-22,West,Partner,SMB,18,46.19,0.0,831.42,474.72
SO-102383,2025-04-22,Midwest,Marketplace,Mid-Market,23,406.05,0.0,9339.15,6019.07
SO-100513,2025-04-23,West,Direct,SMB,3,282.24,0.05,804.38,598.02
SO-100631,2025-04-23,West,Marketplace,Mid-Market,7,666.12,0.0,4662.84,2709.16
SO-100837,2025-04-23,Midwest,Partner,Mid-Market,25,719.17,0.05,17080.29,11348.56
SO-101338,2025-04-23,West,Marketplace,SMB,29,151.41,0.0,4390.89,2993.95
SO-101751,2025-04-23,West,Marketplace,SMB,2,117.81,0.15,200.28,165.48
SO-101809,2025-04-23,West,Partner,Enterprise,1,1288.09,0.25,966.07,724.62
SO-101850,2025-04-23,West,Direct,Enterprise,7,1536.59,0.05,10218.32,6046.24
SO-102005,2025-04-23,Midwest,Marketplace,Mid-Market,20,655.35,0.05,12451.65,7974.17
SO-102182,2025-04-23,Midwest,Partner,SMB,57,119.39,0.05,6464.97,4601.47
SO-102187,2025-04-23,South,Marketplace,SMB,9,106.27,0.05,908.61,564.99
SO-102243,2025-04-23,Northeast,Partner,Mid-Market,8,659.96,0.05,5015.7,3558.97
SO-100135,2025-04-24,Northeast,Marketplace,Enterprise,6,1937.76,0.0,11626.56,7034.68
SO-100696,2025-04-24,Northeast,Direct,SMB,43,173.24,0.05,7076.85,4627.46
SO-100825,2025-04-24,South,Partner,Mid-Market,8,581.25,0.05,4417.5,3261.26
SO-100952,2025-04-24,Northeast,Marketplace,Enterprise,6,1932.95,0.05,11017.82,7402.08
SO-101226,2025-04-24,South,Marketplace,Mid-Market,19,510.95,0.0,9708.05,6812.66
SO-101347,2025-04-24,Northeast,Marketplace,SMB,38,55.19,0.05,1992.36,1187.04
SO-101547,2025-04-24,Northeast,Marketplace,Enterprise,1,2146.75,0.0,2146.75,1521.98
SO-101597,2025-04-24,West,Partner,Mid-Market,12,508.48,0.05,5796.67,3740.38
SO-101772,2025-04-24,South,Partner,SMB,28,82.26,0.05,2188.12,1420.85
SO-101954,2025-04-24,Midwest,Direct,Mid-Market,19,767.04,0.15,12387.7,9039.74
SO-102061,2025-04-24,West,Partner,Mid-Market,8,817.81,0.1,5888.23,4074.48
SO-102226,2025-04-24,Midwest,Partner,Mid-Market,11,929.83,0.0,10228.13,6820.81
SO-102288,2025-04-24,West,Partner,SMB,56,292.2,0.05,15545.04,9626.85
SO-100041,2025-04-25,Midwest,Direct,Enterprise,7,2589.92,0.0,18129.44,11269.57
SO-100144,2025-04-25,Midwest,Direct,Mid-Market,11,691.13,0.0,7602.43,4987.71
SO-100394,2025-04-25,South,Direct,SMB,18,224.41,0.0,4039.38,2406.38
SO-100403,2025-04-25,Northeast,Partner,SMB,49,112.56,0.15,4688.12,3477.25
SO-100672,2025-04-25,Midwest,Marketplace,Enterprise,2,1354.67,0.15,2302.94,1727.6
SO-100832,2025-04-25,Northeast,Direct,Enterprise,2,1728.06,0.0,3456.12,2333.73
SO-101028,2025-04-25,Northeast,Direct,Mid-Market,15,552.71,0.05,7876.12,5636.23
SO-101072,2025-04-25,Midwest,Direct,SMB,28,225.08,0.0,6302.24,4175.66
SO-101499,2025-04-25,Northeast,Partner,SMB,23,161.73,0.0,3719.79,2639.58
SO-101625,2025-04-25,Northeast,Direct,Mid-Market,12,403.77,0.05,4602.98,3273.93
SO-101690,2025-04-25,Northeast,Partner,Mid-Market,22,356.43,0.0,7841.46,5148.61
SO-101888,2025-04-25,Northeast,Partner,SMB,5,88.44,0.05,420.09,254.29
SO-102023,2025-04-25,Northeast,Direct,SMB,40,85.7,0.0,3428.0,2198.42
SO-102384,2025-04-25,Northeast,Direct,SMB,29,128.68,0.25,2798.79,2543.83
SO-101086,2025-04-26,West,Direct,Mid-Market,26,842.79,0.0,21912.54,15087.92
SO-101191,2025-04-26,South,Direct,Mid-Market,18,600.19,0.0,10803.42,7180.42
SO-101424,2025-04-26,West,Direct,Enterprise,2,1555.34,0.0,3110.68,1876.39
SO-101444,2025-04-26,Midwest,Direct,Mid-Market,27,536.53,0.0,14486.31,8313.17
SO-101503,2025-04-26,West,Direct,SMB,20,76.34,0.25,1145.1,883.75
SO-102363,2025-04-26,Midwest,Direct,SMB,56,134.69,0.0,7542.64,4508.27
SO-100143,2025-04-27,West,Direct,SMB,3,50.68,0.0,152.04,92.8
SO-100607,2025-04-27,Midwest,Direct,Mid-Market,21,362.63,0.1,6853.71,4445.28
SO-100711,2025-04-27,Northeast,Direct,Enterprise,7,1308.64,0.15,7786.41,5417.58
SO-101402,2025-04-27,Northeast,Partner,SMB,3,96.51,0.1,260.58,205.27
SO-101596,2025-04-27,Midwest,Partner,SMB,45,265.11,0.1,10736.96,8573.38
SO-101652,2025-04-27,South,Partner,Mid-Market,28,678.95,0.1,17109.54,11265.54
SO-101706,2025-04-27,West,Direct,Enterprise,8,1770.01,0.0,14160.08,9659.82
SO-101764,2025-04-27,West,Direct,Enterprise,9,1440.97,0.05,12320.29,8718.29
SO-101765,2025-04-27,South,Marketplace,Enterprise,12,2452.96,0.05,27963.74,17939.25
SO-101982,2025-04-27,West,Partner,SMB,25,114.68,0.15,2436.95,1584.4
SO-102006,2025-04-27,West,Marketplace,SMB,30,144.47,0.0,4334.1,2429.94
SO-100178,2025-04-28,South,Partner,SMB,42,269.42,0.1,10184.08,7570.31
SO-100189,2025-04-28,Midwest,Marketplace,Mid-Market,14,753.09,0.25,7907.44,7015.48
SO-100446,2025-04-28,Midwest,Partner,Enterprise,3,1161.22,0.0,3483.66,1934.32
SO-100702,2025-04-28,Midwest,Direct,Mid-Market,17,388.4,0.1,5942.52,4458.93
SO-100879,2025-04-28,South,Direct,Mid-Market,8,680.94,0.0,5447.52,3403.24
SO-101010,2025-04-28,Midwest,Marketplace,SMB,44,162.32,0.1,6427.87,4070.25
SO-101333,2025-04-28,Midwest,Direct,SMB,23,170.4,0.05,3723.24,2275.83
SO-101389,2025-04-28,West,Direct,Enterprise,5,2286.97,0.15,9719.62,6956.65
SO-101435,2025-04-28,Midwest,Partner,SMB,55,190.64,0.0,10485.2,7235.74
SO-102165,2025-04-28,West,Marketplace,Mid-Market,18,327.33,0.1,5302.75,3476.8
SO-102272,2025-04-28,South,Direct,Mid-Market,24,777.74,0.05,17732.47,12915.96
SO-100065,2025-04-29,Northeast,Marketplace,SMB,30,170.96,0.0,5128.8,3238.49
SO-100114,2025-04-29,West,Partner,SMB,59,140.34,0.15,7038.05,4881.86
SO-100307,2025-04-29,South,Marketplace,Mid-Market,23,881.53,0.0,20275.19,14301.2
SO-100433,2025-04-29,Northeast,Partner,Mid-Market,3,526.4,0.0,1579.2,946.7
SO-100756,2025-04-29,West,Marketplace,Mid-Market,6,350.58,0.0,2103.48,1172.31
SO-100819,2025-04-29,West,Marketplace,Mid-Market,26,723.85,0.05,17879.1,10961.56
SO-100956,2025-04-29,South,Direct,Mid-Market,29,533.45,0.0,15470.05,9112.45
SO-101056,2025-04-29,Midwest,Direct,Mid-Market,6,340.21,0.0,2041.26,1368.48
SO-101278,2025-04-29,South,Direct,SMB,31,187.68,0.0,5818.08,3380.78
SO-101337,2025-04-29,Midwest,Partner,Mid-Market,9,402.0,0.05,3437.1,2325.5
SO-101923,2025-04-29,Northeast,Direct,Enterprise,3,2199.21,0.0,6597.63,4618.93
SO-101948,2025-04-29,South,Marketplace,SMB,47,266.39,0.0,12520.33,8638.25
SO-102277,2025-04-29,Northeast,Marketplace,SMB,12,189.92,0.0,2279.04,1482.08
SO-100225,2025-04-30,West,Marketplace,Mid-Market,3,746.93,0.0,2240.79,1311.13
SO-100550,2025-04-30,South,Marketplace,SMB,43,199.26,0.05,8139.77,4923.76
SO-101047,2025-04-30,Northeast,Direct,SMB,54,91.65,0.0,4949.1,3295.91
SO-101279,2025-04-30,West,Marketplace,Enterprise,9,2525.08,0.0,22725.72,15637.75
SO-101719,2025-04-30,South,Direct,Enterprise,5,1299.96,0.25,4874.85,4010.61
SO-101822,2025-04-30,Northeast,Direct,SMB,50,60.02,0.25,2250.75,1790.26
SO-101926,2025-04-30,South,Partner,Mid-Market,3,542.63,0.25,1220.92,921.39
SO-102255,2025-04-30,Northeast,Partner,SMB,18,56.91,0.1,921.94,736.1
SO-100799,2025-05-01,Northeast,Direct,SMB,37,146.88,0.15,4619.38,3727.16
SO-101083,2025-05-01,Northeast,Direct,SMB,34,85.06,0.0,2892.04,1651.29
SO-101722,2025-05-01,West,Direct,SMB,4,74.54,0.0,298.16,180.16
SO-102075,2025-05-01,West,Direct,SMB,29,172.92,0.0,5014.68,2846.83
SO-102149,2025-05-01,Northeast,Partner,Enterprise,12,1279.77,0.15,13053.65,10065.0
SO-102281,2025-05-01,Northeast,Direct,Mid-Market,21,882.41,0.05,17604.08,10542.84
SO-100361,2025-05-02,Northeast,Partner,SMB,10,218.74,0.0,2187.4,1486.92
SO-101051,2025-05-02,South,Direct,SMB,56,161.24,0.0,9029.44,5630.87
SO-101207,2025-05-02,Northeast,Marketplace,SMB,59,266.2,0.0,15705.8,8748.85
SO-101277,2025-05-02,Midwest,Partner,SMB,17,235.68,0.05,3806.23,2241.69
SO-101535,2025-05-02,South,Marketplace,SMB,26,114.82,0.0,2985.32,1780.02
SO-101740,2025-05-02,Midwest,Marketplace,Mid-Market,30,359.18,0.0,10775.4,6513.71
SO-100048,2025-05-03,Northeast,Partner,SMB,11,111.78,0.0,1229.58,871.14
SO-100443,2025-05-03,West,Partner,Enterprise,8,1359.8,0.05,10334.48,6582.8
SO-100510,2025-05-03,South,Partner,SMB,31,221.47,0.0,6865.57,3941.54
SO-100874,2025-05-03,Midwest,Direct,SMB,10,267.82,0.15,2276.47,1603.19
SO-100959,2025-05-03,South,Direct,Mid-Market,6,724.46,0.0,4346.76,2728.61
SO-101008,2025-05-03,Midwest,Direct,Mid-Market,10,406.02,0.0,4060.2,2702.12
SO-101281,2025-05-03,Northeast,Partner,SMB,11,146.8,0.05,1534.06,1087.79
SO-101318,2025-05-03,South,Partner,Enterprise,7,1600.83,0.0,11205.81,7925.65
SO-101627,2025-05-03,Midwest,Direct,Mid-Market,18,822.29,0.0,14801.22,9814.78
SO-101682,2025-05-03,South,Direct,Enterprise,10,1913.23,0.0,19132.3,10726.91
SO-101741,2025-05-03,West,Direct,Mid-Market,17,555.58,0.0,9444.86,5235.93
SO-101990,2025-05-03,South,Direct,SMB,41,286.6,0.05,11163.07,6477.41
SO-100411,2025-05-04,West,Direct,Mid-Market,16,377.54,0.05,5738.61,4204.35
SO-100709,2025-05-04,Northeast,Partner,Mid-Market,20,806.52,0.15,13710.84,9204.3
SO-100771,2025-05-04,West,Marketplace,SMB,30,110.58,0.1,2985.66,2169.66
SO-101027,2025-05-04,Northeast,Direct,Mid-Market,27,391.72,0.0,10576.44,7586.69
SO-101310,2025-05-04,Northeast,Direct,Mid-Market,5,446.14,0.1,2007.63,1506.5
SO-101398,2025-05-04,South,Direct,Enterprise,7,2386.77,0.1,15036.65,11836.75
SO-102275,2025-05-04,South,Partner,Mid-Market,7,734.65,0.15,4371.17,3259.53
SO-100145,2025-05-05,South,Direct,SMB,29,69.43,0.05,1912.8,1405.64
SO-100214,2025-05-05,Northeast,Marketplace,Mid-Market,25,438.07,0.0,10951.75,7464.54
SO-101032,2025-05-05,Northeast,Direct,Mid-Market,10,858.52,0.15,7297.42,5772.81
SO-101327,2025-05-05,Northeast,Marketplace,SMB,15,109.94,0.1,1484.19,986.09
SO-101400,2025-05-05,Midwest,Direct,Mid-Market,22,739.98,0.0,16279.56,10534.12
SO-101565,2025-05-05,Midwest,Direct,SMB,57,194.84,0.0,11105.88,7118.52
SO-102216,2025-05-05,Midwest,Direct,Enterprise,7,2269.11,0.0,15883.77,11247.43
SO-100063,2025-05-06,South,Direct,Mid-Market,2,607.88,0.0,1215.76,861.4
SO-100113,2025-05-06,West,Direct,Mid-Market,9,729.27,0.0,6563.43,4127.52
SO-100255,2025-05-06,Northeast,Marketplace,SMB,56,277.7,0.1,13996.08,10848.14
SO-100362,2025-05-06,Northeast,Marketplace,Mid-Market,19,770.88,0.0,14646.72,9809.18
SO-100602,2025-05-06,Northeast,Marketplace,SMB,42,250.06,0.25,7876.89,7076.29
SO-100668,2025-05-06,West,Partner,SMB,38,61.42,0.0,2333.96,1503.16
SO-100705,2025-05-06,West,Marketplace,Mid-Market,29,429.03,0.0,12441.87,7739.91
SO-100753,2025-05-06,South,Marketplace,SMB,33,265.51,0.0,8761.83,5368.55
SO-101645,2025-05-06,Northeast,Direct,Mid-Market,15,716.37,0.05,10208.27,6546.83
SO-102319,2025-05-06,West,Partner,Enterprise,7,1838.84,0.0,12871.88,7198.81
SO-100112,2025-05-07,Midwest,Direct,Mid-Market,9,416.59,0.15,3186.91,2430.71
SO-100221,2025-05-07,Midwest,Partner,Mid-Market,23,557.01,0.1,11530.11,7556.58
SO-100798,2025-05-07,Northeast,Direct,Mid-Market,16,558.7,0.0,8939.2,6073.39
SO-100850,2025-05-07,Northeast,Partner,SMB,3,95.25,0.05,271.46,163.51
SO-100993,2025-05-07,Midwest,Partner,Mid-Market,8,879.91,0.0,7039.28,3996.89
SO-101506,2025-05-07,West,Direct,SMB,18,128.07,0.05,2190.0,1426.86
SO-101575,2025-05-07,Northeast,Marketplace,Mid-Market,20,607.71,0.05,11546.49,8022.35
SO-101847,2025-05-07,Midwest,Direct,Enterprise,8,1819.94,0.0,14559.52,8917.16
SO-101934,2025-05-07,Midwest,Direct,Mid-Market,19,432.13,0.05,7799.95,5214.06
SO-102240,2025-05-07,Midwest,Partner,Enterprise,12,2106.06,0.0,25272.72,17453.52
SO-102254,2025-05-07,West,Direct,SMB,54,180.1,0.05,9239.13,5736.83
SO-101230,2025-05-08,West,Partner,Mid-Market,13,896.51,0.15,9906.44,8150.35
SO-101516,2025-05-08,South,Marketplace,Enterprise,5,1603.03,0.05,7614.39,5515.82
SO-101554,2025-05-08,West,Direct,SMB,55,57.89,0.1,2865.55,2180.68
SO-101692,2025-05-08,South,Direct,Mid-Market,15,771.9,0.0,11578.5,6712.07
SO-101871,2025-05-08,West,Direct,SMB,26,153.03,0.05,3779.84,2314.18
SO-101975,2025-05-08,Midwest,Direct,SMB,27,150.98,0.15,3464.99,2403.16
SO-102322,2025-05-08,Northeast,Direct,Mid-Market,29,645.91,0.0,18731.39,12890.37
SO-100193,2025-05-09,Midwest,Direct,SMB,38,81.4,0.0,3093.2,2109.48
SO-100328,2025-05-09,South,Direct,SMB,6,80.36,0.0,482.16,328.67
SO-100353,2025-05-09,West,Marketplace,SMB,45,239.17,0.0,10762.65,6731.99
SO-100466,2025-05-09,Midwest,Direct,SMB,44,70.73,0.05,2956.51,2167.85
SO-100495,2025-05-09,South,Partner,Enterprise,8,1878.53,0.0,15028.24,10741.6
SO-100766,2025-05-09,West,Marketplace,SMB,21,259.09,0.0,5440.89,3678.98
SO-101213,2025-05-09,West,Direct,Enterprise,9,1991.73,0.0,17925.57,11810.16
SO-101532,2025-05-09,West,Marketplace,Mid-Market,29,346.66,0.0,10053.14,5832.71
SO-101761,2025-05-09,Midwest,Marketplace,Enterprise,11,933.16,0.25,7698.57,6143.93
SO-101857,2025-05-09,Midwest,Direct,SMB,39,73.69,0.05,2730.21,1646.86
SO-101999,2025-05-09,Midwest,Marketplace,SMB,27,270.93,0.0,7315.11,4702.76
SO-102062,2025-05-09,West,Direct,SMB,46,292.33,0.05,12774.82,8484.12
SO-102083,2025-05-09,South,Marketplace,SMB,44,211.04,0.0,9285.76,6489.91
SO-102250,2025-05-09,South,Direct,Mid-Market,13,498.73,0.0,6483.49,4375.3
SO-102304,2025-05-09,South,Partner,SMB,25,184.52,0.0,4613.0,3254.8
SO-100331,2025-05-10,South,Direct,Mid-Market,3,387.56,0.1,1046.41,821.53
SO-100457,2025-05-10,West,Partner,SMB,55,104.18,0.0,5729.9,3597.48
SO-100467,2025-05-10,West,Direct,SMB,5,176.14,0.0,880.7,524.26
SO-100603,2025-05-10,Northeast,Direct,Mid-Market,12,559.82,0.1,6046.06,3847.38
SO-101151,2025-05-10,Midwest,Partner,Mid-Market,12,925.3,0.05,10548.42,6938.09
SO-101236,2025-05-10,West,Partner,Mid-Market,28,355.72,0.0,9960.16,6156.79
SO-101701,2025-05-10,Midwest,Marketplace,Mid-Market,25,841.1,0.05,19976.12,11569.46
SO-101959,2025-05-10,Northeast,Direct,Enterprise,1,2575.72,0.1,2318.15,1464.95
SO-102105,2025-05-10,South,Marketplace,Mid-Market,15,704.76,0.0,10571.4,6133.78
SO-102219,2025-05-10,West,Direct,Mid-Market,13,455.88,0.0,5926.44,3541.84
SO-100117,2025-05-11,Midwest,Partner,Enterprise,12,2007.79,0.0,24093.48,13298.02
SO-100564,2025-05-11,West,Marketplace,SMB,27,138.4,0.05,3549.96,2485.56
SO-100933,2025-05-11,West,Marketplace,Mid-Market,20,862.82,0.15,14667.94,10002.92
SO-101021,2025-05-11,West,Partner,SMB,46,101.62,0.05,4440.79,3301.02
SO-101137,2025-05-11,West,Direct,SMB,50,122.59,0.0,6129.5,4375.99
SO-101498,2025-05-11,Northeast,Marketplace,Mid-Market,17,644.66,0.05,10411.26,6615.74
SO-101637,2025-05-11,West,Direct,SMB,48,232.65,0.15,9492.12,6721.28
SO-101669,2025-05-11,South,Marketplace,SMB,35,204.61,0.1,6445.22,5096.25
SO-102052,2025-05-11,Midwest,Direct,SMB,10,99.19,0.05,942.3,631.2
SO-100236,2025-05-12,West,Marketplace,SMB,4,275.2,0.15,935.68,762.11
SO-100373,2025-05-12,South,Direct,SMB,56,48.47,0.15,2307.17,1753.19
SO-100892,2025-05-12,South,Direct,SMB,50,74.91,0.05,3558.22,2286.97
SO-100987,2025-05-12,South,Partner,SMB,59,171.6,0.0,10124.4,5850.73
SO-101263,2025-05-12,Midwest,Partner,Enterprise,6,2550.32,0.15,13006.63,10254.21
SO-101276,2025-05-12,Midwest,Partner,Mid-Market,7,582.4,0.1,3669.12,2439.71
SO-101396,2025-05-12,South,Partner,SMB,5,72.23,0.15,306.98,259.88
SO-101665,2025-05-12,Northeast,Partner,SMB,44,114.03,0.0,5017.32,3101.73
SO-101709,2025-05-12,Northeast,Marketplace,SMB,13,273.06,0.0,3549.78,2397.83
SO-101933,2025-05-12,South,Direct,Mid-Market,28,508.75,0.0,14245.0,8470.03
SO-101988,2025-05-12,Midwest,Direct,Mid-Market,14,935.76,0.0,13100.64,9283.29
SO-102084,2025-05-12,West,Direct,SMB,54,58.74,0.0,3171.96,2188.4
SO-100038,2025-05-13,West,Direct,SMB,58,285.53,0.1,14904.67,9494.49
SO-100209,2025-05-13,Northeast,Marketplace,SMB,12,152.56,0.0,1830.72,1140.93
SO-100227,2025-05-13,West,Direct,SMB,34,126.85,0.05,4097.25,2520.1
SO-100376,2025-05-13,South,Marketplace,SMB,31,239.64,0.1,6685.96,4476.42
SO-100557,2025-05-13,West,Direct,SMB,31,188.28,0.1,5253.01,3346.79
SO-101030,2025-05-13,South,Marketplace,SMB,52,215.91,0.0,11227.32,7964.34
SO-101088,2025-05-13,South,Marketplace,Mid-Market,7,465.91,0.15,2772.16,1995.33
SO-101541,2025-05-13,West,Direct,SMB,23,100.83,0.0,2319.09,1434.47
SO-101784,2025-05-13,Northeast,Direct,SMB,14,100.52,0.05,1336.92,871.14
SO-101863,2025-05-13,Midwest,Partner,Mid-Market,11,886.0,0.0,9746.0,5634.21
SO-102125,2025-05-13,Northeast,Partner,SMB,56,105.78,0.0,5923.68,3939.8
SO-102144,2025-05-13,South,Direct,Mid-Market,16,685.29,0.0,10964.64,6471.27
SO-102160,2025-05-13,Midwest,Direct,SMB,53,247.69,0.05,12471.19,9271.91
SO-102263,2025-05-13,South,Marketplace,SMB,46,172.05,0.05,7518.59,5025.76
SO-102389,2025-05-13,West,Marketplace,Enterprise,2,1703.5,0.0,3407.0,2077.9
SO-100022,2025-05-14,Midwest,Partner,Mid-Market,7,544.09,0.0,3808.63,2445.39
SO-100320,2025-05-14,Northeast,Direct,Mid-Market,3,425.87,0.0,1277.61,722.78
SO-100584,2025-05-14,Northeast,Marketplace,Enterprise,1,1284.73,0.1,1156.26,887.22
SO-100693,2025-05-14,West,Marketplace,SMB,8,250.98,0.0,2007.84,1179.75
SO-100787,2025-05-14,Midwest,Partner,SMB,60,154.66,0.05,8815.62,5812.84
SO-100795,2025-05-14,West,Partner,Mid-Market,4,634.8,0.05,2412.24,1441.31
SO-101064,2025-05-14,South,Partner,Mid-Market,3,930.35,0.15,2372.39,1695.55
SO-101094,2025-05-14,Midwest,Partner,Mid-Market,7,853.04,0.05,5672.72,3983.17
SO-101899,2025-05-14,West,Direct,Mid-Market,25,801.33,0.1,18029.92,12700.22
SO-102231,2025-05-14,Midwest,Partner,Mid-Market,29,557.92,0.0,16179.68,9443.25
SO-100152,2025-05-15,South,Marketplace,SMB,18,207.15,0.05,3542.26,2485.46
SO-100649,2025-05-15,West,Marketplace,SMB,22,85.41,0.15,1597.17,1189.58
SO-100802,2025-05-15,South,Marketplace,Mid-Market,14,847.47,0.1,10678.12,7973.7
SO-100945,2025-05-15,South,Partner,Mid-Market,30,322.53,0.0,9675.9,5849.3
SO-101422,2025-05-15,West,Partner,Mid-Market,12,830.35,0.0,9964.2,6644.51
SO-101944,2025-05-15,Midwest,Marketplace,Mid-Market,9,863.28,0.15,6604.09,4779.65
SO-102053,2025-05-15,West,Direct,SMB,41,229.77,0.15,8007.48,6240.23
SO-102218,2025-05-15,West,Marketplace,SMB,29,187.98,0.0,5451.42,3831.27
SO-100138,2025-05-16,Midwest,Partner,Enterprise,9,982.57,0.15,7516.66,6316.17
SO-100146,2025-05-16,Northeast,Direct,SMB,4,209.46,0.05,795.95,510.71
SO-101098,2025-05-16,Northeast,Direct,Mid-Market,4,839.1,0.0,3356.4,2392.4
SO-101114,2025-05-16,Northeast,Marketplace,Mid-Market,18,827.37,0.0,14892.66,9181.89
SO-101643,2025-05-16,Midwest,Direct,Mid-Market,17,874.65,0.1,13382.15,9430.39
SO-102118,2025-05-16,Midwest,Direct,SMB,60,213.78,0.1,11544.12,9108.32
SO-102164,2025-05-16,South,Marketplace,SMB,44,202.21,0.05,8452.38,5025.22
SO-102213,2025-05-16,South,Partner,SMB,37,108.11,0.15,3400.06,2209.02
SO-100076,2025-05-17,South,Marketplace,Mid-Market,12,439.6,0.0,5275.2,3758.83
SO-101441,2025-05-17,Northeast,Partner,Mid-Market,23,920.13,0.05,20104.84,14275.6
SO-101586,2025-05-17,West,Partner,Enterprise,9,1848.8,0.05,15807.24,11707.5
SO-101613,2025-05-17,Midwest,Direct,SMB,17,278.44,0.0,4733.48,3076.44
SO-101680,2025-05-17,West,Partner,SMB,10,213.5,0.25,1601.25,1373.57
SO-101685,2025-05-17,Northeast,Partner,SMB,16,83.33,0.0,1333.28,735.44
SO-101698,2025-05-17,West,Direct,Enterprise,5,2242.62,0.0,11213.1,6574.31
SO-101747,2025-05-17,South,Marketplace,SMB,22,236.63,0.25,3904.39,3672.16
SO-102117,2025-05-17,West,Marketplace,Enterprise,12,1093.19,0.05,12462.37,9137.48
SO-102204,2025-05-17,West,Direct,SMB,11,82.28,0.0,905.08,610.61
SO-100046,2025-05-18,West,Direct,SMB,41,67.58,0.0,2770.78,1810.4
SO-100368,2025-05-18,Northeast,Marketplace,Mid-Market,2,457.54,0.0,915.08,534.46
SO-100493,2025-05-18,West,Direct,Mid-Market,4,921.35,0.0,3685.4,2083.06
SO-100691,2025-05-18,West,Direct,Mid-Market,24,842.83,0.0,20227.92,13970.9
SO-100871,2025-05-18,Midwest,Partner,SMB,32,192.27,0.0,6152.64,3440.02
SO-100895,2025-05-18,West,Partner,Mid-Market,7,865.31,0.25,4542.88,3862.94
SO-101089,2025-05-18,West,Partner,Mid-Market,26,325.5,0.15,7193.55,5562.38
SO-101379,2025-05-18,West,Direct,Mid-Market,27,689.89,0.0,18627.03,10472.97
SO-101443,2025-05-18,Northeast,Direct,Enterprise,10,2125.68,0.0,21256.8,13040.64
SO-101666,2025-05-18,Northeast,Partner,Enterprise,11,1728.03,0.0,19008.33,12329.13
SO-101752,2025-05-18,Northeast,Direct,Mid-Market,29,399.05,0.0,11572.45,6969.46
SO-101905,2025-05-18,Midwest,Direct,SMB,37,205.22,0.0,7593.14,4434.52
SO-102031,2025-05-18,Northeast,Direct,SMB,1,184.73,0.1,166.26,108.66
SO-102331,2025-05-18,South,Partner,Mid-Market,13,589.0,0.05,7274.15,5508.42
SO-100044,2025-05-19,West,Direct,SMB,53,152.67,0.15,6877.78,5576.88
SO-100437,2025-05-19,West,Partner,SMB,49,260.58,0.0,12768.42,9029.61
SO-100674,2025-05-19,South,Marketplace,Mid-Market,15,549.46,0.05,7829.81,5869.09
SO-100703,2025-05-19,South,Direct,SMB,3,226.58,0.15,577.78,471.95
SO-100861,2025-05-19,West,Direct,SMB,18,79.85,0.25,1077.97,971.27
SO-100862,2025-05-19,Northeast,Partner,Enterprise,7,1515.16,0.15,9015.2,6617.23
SO-101661,2025-05-19,Midwest,Direct,SMB,2,287.72,0.0,575.44,365.79
SO-100203,2025-05-20,Midwest,Direct,SMB,23,293.62,0.05,6415.6,4623.5
SO-100359,2025-05-20,West,Partner,Enterprise,5,1506.62,0.05,7156.44,4891.62
SO-100762,2025-05-20,Northeast,Partner,SMB,16,76.31,0.0,1220.96,688.49
SO-100886,2025-05-20,Midwest,Partner,SMB,9,270.76,0.0,2436.84,1629.67
SO-101425,2025-05-20,South,Partner,SMB,20,267.83,0.0,5356.6,3456.63
SO-101433,2025-05-20,Midwest,Marketplace,SMB,19,253.27,0.0,4812.13,2816.28
SO-101508,2025-05-20,South,Partner,Enterprise,9,1330.89,0.05,11379.11,7114.93
SO-101521,2025-05-20,Midwest,Partner,Mid-Market,4,806.72,0.0,3226.88,1852.12
SO-101842,2025-05-20,West,Direct,Mid-Market,19,400.31,0.1,6845.3,5243.97
SO-102024,2025-05-20,South,Marketplace,Mid-Market,23,928.97,0.0,21366.31,15139.0
SO-102311,2025-05-20,Northeast,Marketplace,SMB,32,272.45,0.15,7410.64,5587.53
SO-100075,2025-05-21,South,Direct,SMB,18,70.94,0.1,1149.23,764.31
SO-100479,2025-05-21,Northeast,Direct,Mid-Market,24,898.02,0.05,20474.86,12910.45
SO-100520,2025-05-21,Midwest,Direct,Mid-Market,26,506.3,0.0,13163.8,8529.62
SO-100718,2025-05-21,Midwest,Marketplace,Mid-Market,4,709.43,0.1,2553.95,1967.59
SO-100769,2025-05-21,West,Direct,SMB,33,66.82,0.1,1984.55,1398.62
SO-100904,2025-05-21,Midwest,Partner,SMB,24,133.59,0.05,3045.85,2266.99
SO-101303,2025-05-21,Northeast,Marketplace,SMB,31,252.53,0.1,7045.59,4338.85
SO-101470,2025-05-21,West,Marketplace,Mid-Market,29,827.57,0.0,23999.53,15319.24
SO-101476,2025-05-21,South,Direct,Mid-Market,15,362.25,0.05,5162.06,3226.43
SO-102260,2025-05-21,Midwest,Direct,SMB,27,148.19,0.0,4001.13,2354.94
SO-100276,2025-05-22,South,Direct,SMB,34,69.24,0.15,2001.04,1663.79
SO-100619,2025-05-22,West,Direct,Mid-Market,8,643.33,0.0,5146.64,2911.46
SO-101031,2025-05-22,Midwest,Marketplace,SMB,13,71.6,0.0,930.8,523.74
SO-101054,2025-05-22,Midwest,Direct,Enterprise,2,1255.31,0.05,2385.09,1617.68
SO-101187,2025-05-22,Midwest,Direct,SMB,6,151.43,0.1,817.72,582.76
SO-101493,2025-05-22,Midwest,Marketplace,Mid-Market,8,730.45,0.0,5843.6,3791.58
SO-100301,2025-05-23,West,Partner,SMB,22,250.24,0.0,5505.28,3149.44
SO-100768,2025-05-23,Northeast,Direct,SMB,19,92.59,0.0,1759.21,1051.79
SO-101480,2025-05-23,West,Marketplace,Mid-Market,23,783.68,0.05,17123.41,11767.01
SO-101548,2025-05-23,Northeast,Partner,Mid-Market,23,573.06,0.05,12521.36,8917.9
SO-101732,2025-05-23,Northeast,Direct,SMB,49,176.79,0.25,6497.03,5726.27
SO-102092,2025-05-23,Northeast,Direct,Mid-Market,8,554.17,0.0,4433.36,2580.71
SO-100190,2025-05-24,Northeast,Partner,Mid-Market,22,510.15,0.0,11223.3,6990.36
SO-100230,2025-05-24,Northeast,Partner,Mid-Market,2,379.27,0.0,758.54,529.48
SO-100734,2025-05-24,West,Direct,Mid-Market,28,641.61,0.0,17965.08,10814.16
SO-101534,2025-05-24,Northeast,Direct,Mid-Market,3,563.48,0.0,1690.44,1084.05
SO-101543,2025-05-24,West,Direct,SMB,1,265.1,0.15,225.34,152.74
SO-101545,2025-05-24,South,Marketplace,Enterprise,9,2580.18,0.05,22060.54,15433.22
SO-102205,2025-05-24,West,Marketplace,SMB,1,232.13,0.1,208.92,132.34
SO-100079,2025-05-25,West,Partner,Mid-Market,25,785.41,0.05,18653.49,12155.31
SO-100162,2025-05-25,Midwest,Direct,Enterprise,6,2447.57,0.1,13216.88,9579.91
SO-100396,2025-05-25,West,Direct,SMB,45,149.65,0.25,5050.69,4557.04
SO-101190,2025-05-25,South,Direct,Mid-Market,4,684.2,0.0,2736.8,1946.13
SO-101243,2025-05-25,Midwest,Marketplace,SMB,60,289.55,0.05,16504.35,9899.41
SO-101801,2025-05-25,South,Direct,Enterprise,2,1126.86,0.05,2141.03,1381.61
SO-102153,2025-05-25,Northeast,Marketplace,Mid-Market,18,557.86,0.15,8535.26,6929.22
SO-102396,2025-05-25,Northeast,Partner,Enterprise,2,1215.01,0.05,2308.52,1712.69
SO-100120,2025-05-26,Midwest,Direct,SMB,27,288.06,0.0,7777.62,5026.74
SO-100531,2025-05-26,South,Partner,SMB,16,132.14,0.25,1585.68,1195.81
SO-101225,2025-05-26,West,Partner,Enterprise,10,2214.57,0.0,22145.7,14011.38
SO-101241,2025-05-26,West,Marketplace,Mid-Market,6,585.06,0.25,2632.77,2091.89
SO-101582,2025-05-26,South,Direct,Mid-Market,3,795.85,0.0,2387.55,1628.59
SO-101684,2025-05-26,Midwest,Partner,Enterprise,1,2271.61,0.0,2271.61,1337.63
SO-102338,2025-05-26,Northeast,Direct,Mid-Market,8,423.53,0.0,3388.24,2141.97
SO-102351,2025-05-26,South,Direct,Mid-Market,26,327.06,0.1,7653.2,5426.02
SO-102355,2025-05-26,South,Partner,Enterprise,11,2490.66,0.0,27397.26,18658.46
SO-100068,2025-05-27,Midwest,Direct,Mid-Market,16,803.32,0.25,9639.84,8268.96
SO-100775,2025-05-27,West,Partner,Mid-Market,20,571.89,0.0,11437.8,7050.13
SO-101117,2025-05-27,Midwest,Partner,Mid-Market,17,925.02,0.0,15725.34,9303.9
SO-101472,2025-05-27,South,Partner,Mid-Market,18,683.37,0.25,9225.49,7272.47
SO-101634,2025-05-27,Northeast,Direct,SMB,22,175.82,0.1,3481.24,2152.33
SO-101813,2025-05-27,South,Marketplace,Mid-Market,14,369.8,0.0,5177.2,3352.18
SO-100279,2025-05-28,Northeast,Direct,SMB,19,135.0,0.05,2436.75,1670.38
SO-100596,2025-05-28,West,Marketplace,SMB,26,227.59,0.1,5325.61,3384.94
SO-100635,2025-05-28,West,Marketplace,SMB,11,284.52,0.0,3129.72,1761.63
SO-101253,2025-05-28,Midwest,Direct,Mid-Market,28,657.69,0.0,18415.32,12169.91
SO-101780,2025-05-28,West,Direct,Mid-Market,19,741.95,0.0,14097.05,9510.41
SO-102004,2025-05-28,Northeast,Partner,SMB,28,255.82,0.1,6446.66,4218.66
SO-102112,2025-05-28,West,Marketplace,SMB,38,224.55,0.15,7252.96,5694.28
SO-100074,2025-05-29,Midwest,Direct,Mid-Market,4,567.53,0.25,1702.59,1475.94
SO-100228,2025-05-29,West,Marketplace,Mid-Market,20,546.1,0.1,9829.8,7598.23
SO-100324,2025-05-29,West,Partner,Enterprise,8,1250.94,0.0,10007.52,5982.0
SO-100412,2025-05-29,West,Marketplace,SMB,24,279.73,0.1,6042.17,4121.25
SO-100517,2025-05-29,South,Marketplace,Mid-Market,23,324.81,0.1,6723.57,4139.42
SO-100724,2025-05-29,West,Direct,SMB,9,227.72,0.1,1844.53,1165.98
SO-100786,2025-05-29,West,Direct,SMB,21,57.09,0.05,1138.95,762.69
SO-101200,2025-05-29,Midwest,Marketplace,Enterprise,6,2244.4,0.0,13466.4,9224.58
SO-101375,2025-05-29,South,Marketplace,SMB,28,287.13,0.0,8039.64,5271.39
SO-100094,2025-05-30,Northeast,Direct,SMB,33,62.2,0.0,2052.6,1198.86
SO-100256,2025-05-30,Northeast,Direct,SMB,47,171.17,0.05,7642.74,5150.3
SO-100447,2025-05-30,Northeast,Marketplace,SMB,8,66.5,0.05,505.4,313.76
SO-100571,2025-05-30,Northeast,Direct,SMB,42,97.03,0.0,4075.26,2651.65
SO-100889,2025-05-30,Northeast,Marketplace,SMB,51,133.31,0.1,6118.93,4650.72
SO-101025,2025-05-30,West,Marketplace,SMB,37,253.58,0.1,8444.21,5902.3
SO-101725,2025-05-30,Midwest,Partner,Enterprise,12,2554.48,0.05,29121.07,21025.43
SO-102059,2025-05-30,South,Direct,Mid-Market,21,417.82,0.05,8335.51,5940.08
SO-102364,2025-05-30,Northeast,Partner,SMB,31,230.81,0.15,6081.84,4596.79
SO-100287,2025-05-31,Northeast,Partner,SMB,53,283.52,0.05,14275.23,10745.84
SO-100429,2025-05-31,West,Direct,SMB,35,258.77,0.0,9056.95,6394.53
SO-100697,2025-05-31,Midwest,Partner,Mid-Market,26,715.88,0.0,18612.88,11423.65
SO-100883,2025-05-31,Midwest,Marketplace,Mid-Market,16,454.0,0.05,6900.8,4720.63
SO-101585,2025-05-31,South,Partner,SMB,17,175.97,0.0,2991.49,1877.63
SO-102051,2025-05-31,West,Direct,Mid-Market,17,799.18,0.0,13586.06,9762.74
SO-100153,2025-06-01,West,Direct,SMB,58,100.33,0.15,4946.27,3215.59
SO-100498,2025-06-01,West,Direct,SMB,2,279.59,0.1,503.26,375.95
SO-101046,2025-06-01,Northeast,Direct,Enterprise,3,1493.83,0.05,4257.42,3140.03
SO-101063,2025-06-01,Northeast,Partner,Mid-Market,3,570.27,0.15,1454.19,1180.95
SO-101112,2025-06-01,South,Partner,SMB,15,146.95,0.25,1653.19,1357.16
SO-102066,2025-06-01,Northeast,Direct,Enterprise,1,2331.16,0.1,2098.04,1513.84
SO-102267,2025-06-01,South,Marketplace,SMB,3,103.44,0.05,294.8,188.08
SO-100195,2025-06-02,Northeast,Direct,Mid-Market,24,454.25,0.0,10902.0,7551.57
SO-100830,2025-06-02,West,Direct,Mid-Market,19,577.88,0.0,10979.72,7405.09
SO-101320,2025-06-02,Midwest,Partner,SMB,7,123.16,0.05,819.01,569.19
SO-101404,2025-06-02,Northeast,Partner,Mid-Market,27,436.77,0.1,10613.51,7697.78
SO-101524,2025-06-02,South,Partner,Mid-Market,14,723.17,0.15,8605.72,5995.86
SO-101614,2025-06-02,Northeast,Partner,SMB,10,153.45,0.05,1457.77,861.2
SO-101910,2025-06-02,South,Partner,SMB,57,94.95,0.05,5141.54,3674.82
SO-100204,2025-06-03,Northeast,Direct,Enterprise,11,1048.88,0.25,8653.26,7128.09
SO-100322,2025-06-03,South,Partner,Enterprise,12,1141.21,0.05,13009.79,8308.56
SO-100562,2025-06-03,Midwest,Partner,SMB,42,224.95,0.05,8975.5,5913.13
SO-100653,2025-06-03,Midwest,Partner,Mid-Market,22,482.63,0.1,9556.07,6211.11
SO-100731,2025-06-03,Northeast,Marketplace,SMB,58,67.28,0.0,3902.24,2784.16
SO-100748,2025-06-03,West,Direct,SMB,15,139.74,0.1,1886.49,1410.39
SO-101044,2025-06-03,Northeast,Direct,SMB,14,125.95,0.05,1675.13,1054.03
SO-101195,2025-06-03,Northeast,Direct,SMB,21,125.81,0.0,2642.01,1495.21
SO-101848,2025-06-03,West,Marketplace,SMB,15,128.82,0.0,1932.3,1282.69
SO-102195,2025-06-03,West,Direct,SMB,39,219.48,0.0,8559.72,4900.56
SO-100389,2025-06-04,Midwest,Direct,Enterprise,12,1497.85,0.1,16176.78,11305.08
SO-100572,2025-06-04,South,Partner,SMB,11,254.5,0.05,2659.53,1944.09
SO-100660,2025-06-04,South,Direct,SMB,50,61.09,0.0,3054.5,2004.33
SO-100780,2025-06-04,Midwest,Direct,Enterprise,4,1571.2,0.0,6284.8,3921.98
SO-100868,2025-06-04,South,Direct,SMB,41,97.55,0.05,3799.57,2604.53
SO-101011,2025-06-04,Midwest,Direct,SMB,37,169.69,0.0,6278.53,4201.83
SO-101362,2025-06-04,South,Direct,Mid-Market,19,394.29,0.1,6742.36,5341.18
SO-101603,2025-06-04,South,Direct,Mid-Market,2,415.32,0.05,789.11,475.74
SO-101963,2025-06-04,South,Marketplace,Mid-Market,10,808.39,0.05,7679.7,5138.05
SO-100186,2025-06-05,Midwest,Direct,SMB,34,292.73,0.25,7464.61,7099.79
SO-100423,2025-06-05,West,Direct,Mid-Market,14,825.24,0.15,9820.36,6859.28
SO-100449,2025-06-05,Midwest,Marketplace,Mid-Market,27,798.27,0.05,20475.63,12524.11
SO-100763,2025-06-05,West,Direct,SMB,29,226.14,0.0,6558.06,4637.22
SO-100797,2025-06-05,South,Marketplace,Enterprise,7,2030.53,0.0,14213.71,10040.75
SO-101795,2025-06-05,Midwest,Direct,SMB,57,235.32,0.0,13413.24,9342.15
SO-101817,2025-06-05,Northeast,Direct,SMB,32,107.34,0.0,3434.88,2361.94
SO-101821,2025-06-05,Midwest,Partner,Mid-Market,24,867.39,0.0,20817.36,13689.16
SO-101835,2025-06-05,Northeast,Marketplace,SMB,9,244.19,0.1,1977.94,1475.9
SO-102057,2025-06-05,West,Partner,Enterprise,3,1233.56,0.1,3330.61,2381.81
SO-102152,2025-06-05,Midwest,Marketplace,SMB,52,71.13,0.1,3328.88,2635.29
SO-100745,2025-06-06,Midwest,Partner,SMB,39,103.21,0.05,3823.93,2657.42
SO-100792,2025-06-06,Midwest,Partner,SMB,27,145.75,0.05,3738.49,2502.47
SO-100812,2025-06-06,Northeast,Marketplace,SMB,20,127.37,0.1,2292.66,1799.5
SO-100848,2025-06-06,South,Marketplace,Mid-Market,18,807.7,0.1,13084.74,8845.27
SO-100907,2025-06-06,South,Partner,SMB,45,94.75,0.25,3197.81,2373.48
SO-101023,2025-06-06,West,Partner,Enterprise,2,1726.6,0.15,2935.22,2355.5
SO-101550,2025-06-06,Northeast,Direct,Mid-Market,11,788.64,0.0,8675.04,4917.42
SO-101890,2025-06-06,Midwest,Direct,Mid-Market,13,599.02,0.25,5840.44,5019.27
SO-102050,2025-06-06,South,Partner,SMB,33,151.93,0.0,5013.69,3476.42
SO-102233,2025-06-06,West,Direct,SMB,55,74.61,0.0,4103.55,2656.93
SO-102399,2025-06-06,West,Marketplace,SMB,34,100.92,0.0,3431.28,2458.89
SO-100092,2025-06-07,West,Partner,Enterprise,4,1747.13,0.05,6639.09,4342.69
SO-100156,2025-06-07,West,Direct,SMB,26,203.77,0.0,5298.02,3734.23
SO-100365,2025-06-07,South,Partner,Mid-Market,20,667.3,0.15,11344.1,8112.76
SO-100482,2025-06-07,South,Direct,Enterprise,3,2544.4,0.05,7251.54,5096.25
SO-101492,2025-06-07,West,Partner,Mid-Market,30,719.47,0.0,21584.1,15167.14
SO-101804,2025-06-07,South,Partner,Mid-Market,5,447.47,0.0,2237.35,1556.42
SO-102041,2025-06-07,Midwest,Marketplace,SMB,45,239.44,0.1,9697.32,7423.03
SO-102251,2025-06-07,West,Direct,Enterprise,8,1980.97,0.0,15847.76,10001.33
SO-100585,2025-06-08,West,Direct,Mid-Market,18,774.35,0.0,13938.3,9109.6
SO-101103,2025-06-08,Northeast,Direct,SMB,55,125.49,0.05,6556.85,4831.41
SO-101164,2025-06-08,South,Marketplace,SMB,21,71.06,0.05,1417.65,1045.7
SO-101358,2025-06-08,Northeast,Marketplace,SMB,30,68.17,0.15,1738.34,1144.59
SO-101574,2025-06-08,South,Marketplace,Mid-Market,25,332.27,0.0,8306.75,5511.17
SO-101779,2025-06-08,Midwest,Direct,Mid-Market,24,593.53,0.0,14244.72,9633.28
SO-101793,2025-06-08,West,Partner,Enterprise,9,2199.39,0.0,19794.51,12613.05
SO-102242,2025-06-08,West,Direct,Mid-Market,13,867.96,0.0,11283.48,7449.61
SO-100283,2025-06-09,Midwest,Direct,SMB,28,176.95,0.05,4706.87,3302.19
SO-100537,2025-06-09,West,Direct,SMB,12,56.64,0.0,679.68,470.52
SO-100609,2025-06-09,South,Partner,SMB,23,191.18,0.0,4397.14,2857.58
SO-100715,2025-06-09,West,Direct,Mid-Market,8,756.69,0.0,6053.52,4260.76
SO-101050,2025-06-09,West,Marketplace,Mid-Market,18,944.21,0.0,16995.78,11841.08
SO-102001,2025-06-09,South,Direct,SMB,50,138.45,0.05,6576.37,4026.19
SO-102134,2025-06-09,South,Direct,Mid-Market,11,731.41,0.0,8045.51,5434.29
SO-100422,2025-06-10,Midwest,Direct,Mid-Market,23,861.09,0.05,18814.82,12613.19
SO-101891,2025-06-10,Northeast,Direct,SMB,22,149.31,0.15,2792.1,2141.16
SO-102029,2025-06-10,Northeast,Direct,SMB,7,185.77,0.0,1300.39,876.82
SO-100091,2025-06-11,West,Direct,SMB,57,106.8,0.05,5783.22,3914.27
SO-100478,2025-06-11,Northeast,Marketplace,Enterprise,5,2187.03,0.0,10935.15,7053.03
SO-100500,2025-06-11,Midwest,Direct,SMB,20,71.84,0.1,1293.12,959.1
SO-100839,2025-06-11,Midwest,Direct,Mid-Market,15,813.97,0.05,11599.07,8283.69
SO-100936,2025-06-11,Midwest,Marketplace,SMB,60,86.39,0.0,5183.4,3467.95
SO-101102,2025-06-11,South,Direct,SMB,37,297.98,0.05,10474.0,6789.52
SO-101576,2025-06-11,Northeast,Direct,SMB,27,125.53,0.05,3219.84,1955.12
SO-101594,2025-06-11,Northeast,Marketplace,Enterprise,7,2476.66,0.05,16469.79,10305.66
SO-102033,2025-06-11,West,Marketplace,Mid-Market,20,416.95,0.05,7922.05,5894.89
SO-102128,2025-06-11,Midwest,Direct,Mid-Market,17,463.76,0.0,7883.92,5325.24
SO-102256,2025-06-11,South,Direct,SMB,29,282.3,0.0,8186.7,5479.64
SO-102327,2025-06-11,Northeast,Direct,SMB,35,273.12,0.15,8125.32,5842.79
SO-100548,2025-06-12,South,Partner,Enterprise,5,2026.99,0.0,10134.95,5780.47
SO-101099,2025-06-12,Northeast,Partner,SMB,58,64.36,0.1,3359.59,2552.65
SO-101138,2025-06-12,South,Marketplace,SMB,5,116.91,0.1,526.1,329.74
SO-101324,2025-06-12,West,Partner,SMB,27,152.28,0.05,3905.98,2516.06
SO-101517,2025-06-12,South,Marketplace,Mid-Market,3,598.12,0.05,1704.64,1120.68
SO-101735,2025-06-12,Midwest,Direct,Mid-Market,18,376.62,0.15,5762.29,4774.96
SO-101738,2025-06-12,Northeast,Marketplace,Enterprise,4,2574.26,0.0,10297.04,5689.52
SO-101957,2025-06-12,Northeast,Partner,Mid-Market,20,363.39,0.15,6177.63,5015.76
SO-102081,2025-06-12,West,Direct,Mid-Market,20,764.78,0.0,15295.6,9173.59
SO-102179,2025-06-12,West,Direct,SMB,32,142.48,0.1,4103.42,3025.16
SO-102257,2025-06-12,Midwest,Direct,Mid-Market,11,410.97,0.0,4520.67,3021.55
SO-102261,2025-06-12,Northeast,Direct,SMB,22,245.55,0.0,5402.1,3301.48
SO-102354,2025-06-12,West,Direct,Mid-Market,12,937.23,0.0,11246.76,7078.43
SO-100082,2025-06-13,South,Direct,Mid-Market,10,829.9,0.0,8299.0,4592.78
SO-100432,2025-06-13,South,Direct,SMB,47,84.27,0.15,3366.59,2396.8
SO-100576,2025-06-13,West,Direct,Mid-Market,25,621.67,0.0,15541.75,8693.23
SO-100726,2025-06-13,West,Direct,SMB,49,262.45,0.0,12860.05,8275.07
SO-100836,2025-06-13,Midwest,Partner,Enterprise,8,2074.04,0.0,16592.32,10909.71
SO-100972,2025-06-13,West,Partner,SMB,6,294.25,0.0,1765.5,1249.92
SO-101119,2025-06-13,Midwest,Partner,SMB,31,250.64,0.0,7769.84,4736.06
SO-101626,2025-06-13,South,Partner,Mid-Market,9,750.34,0.0,6753.06,3766.25
SO-102100,2025-06-13,Northeast,Partner,SMB,43,203.04,0.0,8730.72,5723.47
SO-100222,2025-06-14,South,Direct,Mid-Market,15,419.09,0.15,5343.4,4273.24
SO-100263,2025-06-14,Northeast,Direct,SMB,55,188.08,0.0,10344.4,5947.27
SO-101160,2025-06-14,South,Partner,Mid-Market,17,935.18,0.15,13513.35,9875.19
SO-101175,2025-06-14,Midwest,Direct,SMB,47,260.16,0.0,12227.52,8620.51
SO-101260,2025-06-14,Midwest,Direct,SMB,37,247.35,0.05,8694.35,6124.58
SO-101301,2025-06-14,Northeast,Marketplace,SMB,4,191.19,0.0,764.76,504.57
SO-101641,2025-06-14,South,Marketplace,Mid-Market,25,686.11,0.15,14579.84,9946.48
SO-101646,2025-06-14,South,Partner,SMB,26,296.96,0.0,7720.96,5300.28
SO-101720,2025-06-14,South,Partner,SMB,18,212.36,0.05,3631.36,2739.33
SO-101766,2025-06-14,Northeast,Direct,Mid-Market,25,465.65,0.0,11641.25,7764.0
SO-101819,2025-06-14,South,Partner,Mid-Market,9,339.75,0.05,2904.86,2162.3
SO-102122,2025-06-14,West,Marketplace,SMB,2,115.49,0.0,230.98,132.38
SO-100000,2025-06-15,Midwest,Direct,SMB,26,210.99,0.0,5485.74,3516.91
SO-100273,2025-06-15,West,Direct,SMB,32,113.83,0.15,3096.18,2137.25
SO-101093,2025-06-15,Midwest,Partner,SMB,48,179.19,0.25,6450.84,5634.12
SO-101515,2025-06-15,South,Direct,SMB,57,66.45,0.0,3787.65,2573.0
SO-101730,2025-06-15,South,Partner,SMB,45,99.97,0.0,4498.65,2564.2
SO-101964,2025-06-15,Northeast,Marketplace,Mid-Market,8,725.17,0.0,5801.36,4077.42
SO-102027,2025-06-15,Midwest,Marketplace,SMB,60,75.29,0.0,4517.4,2868.56
SO-102099,2025-06-15,Midwest,Partner,Mid-Market,17,395.09,0.25,5037.4,3904.75
SO-102379,2025-06-15,Midwest,Direct,Enterprise,8,2338.88,0.1,16839.94,13424.88
SO-100059,2025-06-16,West,Marketplace,SMB,32,83.11,0.1,2393.57,1753.55
SO-100400,2025-06-16,West,Marketplace,SMB,29,184.98,0.0,5364.42,3836.49
SO-100633,2025-06-16,Northeast,Marketplace,SMB,31,74.64,0.0,2313.84,1512.45
SO-101158,2025-06-16,Northeast,Direct,SMB,1,184.01,0.1,165.61,104.49
SO-102316,2025-06-16,South,Partner,Enterprise,11,2277.48,0.05,23799.67,14203.82
SO-100173,2025-06-17,South,Partner,SMB,23,86.04,0.0,1978.92,1152.08
SO-100330,2025-06-17,Northeast,Direct,Mid-Market,22,839.96,0.0,18479.12,11321.22
SO-100719,2025-06-17,South,Direct,Enterprise,11,2336.52,0.0,25701.72,15959.73
SO-101018,2025-06-17,South,Marketplace,Mid-Market,12,895.55,0.15,9134.61,7209.21
SO-101122,2025-06-17,West,Direct,Mid-Market,28,848.16,0.1,21373.63,16607.45
SO-101208,2025-06-17,Northeast,Marketplace,Mid-Market,23,442.88,0.1,9167.62,7067.05
SO-101786,2025-06-17,West,Direct,Mid-Market,5,555.95,0.1,2501.78,1651.09
SO-101874,2025-06-17,West,Direct,Mid-Market,23,679.57,0.0,15630.11,9498.46
SO-102123,2025-06-17,Northeast,Direct,SMB,45,266.47,0.15,10192.48,8030.3
SO-102297,2025-06-17,West,Marketplace,SMB,43,222.67,0.0,9574.81,5381.57
SO-100374,2025-06-18,West,Marketplace,Enterprise,1,1165.53,0.0,1165.53,793.05
SO-100901,2025-06-18,Northeast,Marketplace,SMB,30,265.4,0.15,6767.7,5414.93
SO-101196,2025-06-18,South,Direct,Mid-Market,27,930.27,0.0,25117.29,14758.11
SO-101495,2025-06-18,West,Direct,Enterprise,5,1095.32,0.1,4928.94,3855.23
SO-101913,2025-06-18,Northeast,Marketplace,SMB,51,233.2,0.05,11298.54,7520.32
SO-102365,2025-06-18,West,Partner,SMB,37,174.25,0.1,5802.53,4405.37
SO-100073,2025-06-19,Northeast,Marketplace,Enterprise,6,2326.49,0.0,13958.94,9875.78
SO-100418,2025-06-19,Northeast,Direct,SMB,50,162.27,0.0,8113.5,5631.91
SO-100665,2025-06-19,Midwest,Marketplace,Mid-Market,19,432.27,0.1,7391.82,4961.0
SO-100913,2025-06-19,Northeast,Partner,SMB,1,226.52,0.25,169.89,151.75
SO-100942,2025-06-19,South,Marketplace,Enterprise,5,1100.32,0.0,5501.6,3458.26
SO-101045,2025-06-19,South,Direct,Mid-Market,16,687.83,0.0,11005.28,7205.31
SO-101109,2025-06-19,South,Direct,SMB,9,76.17,0.0,685.53,470.24
SO-101925,2025-06-19,West,Direct,Mid-Market,3,754.04,0.0,2262.12,1493.83
SO-100081,2025-06-20,West,Partner,SMB,29,153.99,0.05,4242.42,2641.44
SO-100220,2025-06-20,West,Direct,SMB,47,294.25,0.1,12446.77,9019.67
SO-100884,2025-06-20,South,Marketplace,Enterprise,5,1586.45,0.0,7932.25,4897.32
SO-101489,2025-06-20,Northeast,Marketplace,Mid-Market,16,509.94,0.0,8159.04,5341.62
SO-102234,2025-06-20,South,Direct,SMB,43,234.46,0.1,9073.6,5782.51
SO-100244,2025-06-21,West,Marketplace,SMB,17,170.21,0.0,2893.57,2035.74
SO-100870,2025-06-21,Northeast,Direct,SMB,50,285.68,0.05,13569.8,8216.38
SO-101262,2025-06-21,West,Partner,Enterprise,7,2154.28,0.1,13571.96,10074.85
SO-101845,2025-06-21,Midwest,Partner,Mid-Market,25,872.63,0.05,20724.96,15197.39
SO-101867,2025-06-21,West,Marketplace,SMB,58,73.92,0.1,3858.62,2380.33
SO-102080,2025-06-21,Midwest,Partner,Enterprise,4,941.81,0.15,3202.15,2149.84
SO-100502,2025-06-22,Midwest,Direct,SMB,31,273.81,0.25,6366.08,5894.95
SO-100644,2025-06-22,Northeast,Direct,SMB,33,285.56,0.15,8009.96,6648.47
SO-100776,2025-06-22,West,Partner,SMB,30,54.34,0.0,1630.2,1085.9
SO-100856,2025-06-22,Midwest,Direct,SMB,7,93.56,0.05,622.17,431.72
SO-101556,2025-06-22,West,Marketplace,Enterprise,8,1548.63,0.0,12389.04,8038.4
SO-101636,2025-06-22,South,Marketplace,Mid-Market,22,879.14,0.05,18374.03,10881.22
SO-101892,2025-06-22,South,Direct,SMB,56,155.71,0.1,7847.78,5862.31
SO-100923,2025-06-23,South,Partner,Mid-Market,24,527.43,0.0,12658.32,7340.47
SO-101154,2025-06-23,Midwest,Marketplace,Mid-Market,25,661.69,0.25,12406.69,11892.14
SO-101170,2025-06-23,South,Partner,Mid-Market,10,900.56,0.0,9005.6,6366.63
SO-101700,2025-06-23,Northeast,Marketplace,Mid-Market,9,885.58,0.15,6774.69,4437.91
SO-101759,2025-06-23,Midwest,Marketplace,Mid-Market,19,912.74,0.05,16474.96,10816.52
SO-101989,2025-06-23,South,Direct,SMB,39,114.03,0.05,4224.81,2920.06
SO-102156,2025-06-23,Midwest,Marketplace,Mid-Market,14,475.08,0.0,6651.12,4001.7
SO-100370,2025-06-24,Northeast,Marketplace,SMB,1,92.99,0.05,88.34,64.98
SO-100483,2025-06-24,South,Partner,Mid-Market,17,827.61,0.0,14069.37,8182.39
SO-101100,2025-06-24,West,Direct,Mid-Market,29,524.84,0.1,13698.32,9828.17
SO-101445,2025-06-24,West,Direct,SMB,53,122.73,0.0,6504.69,4057.2
SO-101767,2025-06-24,South,Partner,SMB,10,197.04,0.05,1871.88,1111.51
SO-101935,2025-06-24,West,Direct,Mid-Market,26,401.49,0.0,10438.74,7223.36
SO-101986,2025-06-24,West,Direct,SMB,9,122.48,0.0,1102.32,728.51
SO-100020,2025-06-25,South,Partner,SMB,31,256.36,0.0,7947.16,4402.14
SO-100052,2025-06-25,Midwest,Direct,Mid-Market,30,765.24,0.05,21809.34,14205.88
SO-100202,2025-06-25,Midwest,Direct,Mid-Market,19,353.21,0.0,6710.99,4096.26
SO-100527,2025-06-25,Midwest,Direct,SMB,35,86.13,0.0,3014.55,2094.32
SO-100556,2025-06-25,South,Direct,Mid-Market,24,334.46,0.0,8027.04,4636.04
SO-100664,2025-06-25,Midwest,Direct,SMB,24,141.82,0.0,3403.68,2433.17
SO-100820,2025-06-25,Midwest,Direct,Mid-Market,5,670.97,0.1,3019.37,1893.24
SO-100845,2025-06-25,West,Direct,Mid-Market,25,328.28,0.0,8207.0,4961.74
SO-100846,2025-06-25,West,Direct,Enterprise,11,1425.23,0.0,15677.53,11020.47
SO-100852,2025-06-25,South,Marketplace,Enterprise,5,1493.76,0.0,7468.8,4759.35
SO-100858,2025-06-25,West,Direct,Mid-Market,19,843.37,0.0,16024.03,9297.02
SO-101182,2025-06-25,South,Direct,SMB,46,232.69,0.0,10703.74,7127.4
SO-101859,2025-06-25,South,Partner,Enterprise,12,2311.43,0.0,27737.16,18833.78
SO-102148,2025-06-25,Midwest,Marketplace,Enterprise,11,2338.0,0.0,25718.0,16405.6
SO-100869,2025-06-26,West,Direct,SMB,14,250.16,0.25,2626.68,1996.67
SO-101271,2025-06-26,West,Direct,SMB,56,272.86,0.0,15280.16,9873.51
SO-101288,2025-06-26,West,Direct,Enterprise,10,1058.05,0.1,9522.45,6792.82
SO-101595,2025-06-26,Northeast,Partner,Mid-Market,6,698.86,0.15,3564.19,2859.49
SO-101827,2025-06-26,South,Marketplace,SMB,19,206.86,0.0,3930.34,2448.57
SO-101854,2025-06-26,Northeast,Direct,SMB,60,258.77,0.1,13973.58,10613.46
SO-102224,2025-06-26,Northeast,Partner,Mid-Market,29,433.4,0.05,11940.17,7376.16
SO-102309,2025-06-26,Northeast,Partner,SMB,12,96.3,0.1,1040.04,785.68
SO-100268,2025-06-27,South,Direct,SMB,8,60.39,0.25,362.34,341.36
SO-100834,2025-06-27,Northeast,Direct,SMB,9,196.94,0.05,1683.84,1093.19
SO-101058,2025-06-27,South,Direct,Enterprise,3,2213.67,0.05,6308.96,4512.88
SO-101082,2025-06-27,West,Marketplace,Mid-Market,5,630.53,0.25,2364.49,2186.04
SO-101246,2025-06-27,West,Partner,SMB,21,56.73,0.25,893.5,715.98
SO-101298,2025-06-27,South,Direct,SMB,30,153.03,0.0,4590.9,2894.46
SO-101460,2025-06-27,Midwest,Marketplace,SMB,5,67.39,0.05,320.1,236.28
SO-101542,2025-06-27,Northeast,Direct,Mid-Market,25,832.07,0.0,20801.75,13964.07
SO-101837,2025-06-27,Midwest,Direct,SMB,19,147.43,0.15,2380.99,1654.36
SO-102098,2025-06-27,West,Marketplace,SMB,30,243.65,0.0,7309.5,4225.86
SO-102168,2025-06-27,West,Direct,SMB,6,249.96,0.1,1349.78,904.51
SO-100025,2025-06-28,Midwest,Partner,SMB,24,65.54,0.0,1572.96,990.83
SO-100314,2025-06-28,West,Marketplace,SMB,8,257.74,0.1,1855.73,1234.42
SO-101073,2025-06-28,West,Direct,Mid-Market,19,502.02,0.0,9538.38,6754.48
SO-101966,2025-06-28,Midwest,Direct,SMB,37,111.42,0.15,3504.16,2366.26
SO-101992,2025-06-28,Northeast,Marketplace,Mid-Market,7,746.63,0.0,5226.41,3500.27
SO-102237,2025-06-28,Northeast,Partner,Mid-Market,3,827.79,0.05,2359.2,1615.7
SO-100284,2025-06-29,Midwest,Direct,Mid-Market,2,746.18,0.05,1417.74,845.91
SO-100310,2025-06-29,South,Direct,SMB,2,213.06,0.05,404.81,252.36
SO-100671,2025-06-29,South,Marketplace,SMB,38,180.86,0.0,6872.68,4449.55
SO-101428,2025-06-29,Midwest,Direct,Mid-Market,20,321.54,0.1,5787.72,3633.0
SO-101559,2025-06-29,Midwest,Direct,SMB,11,178.03,0.0,1958.33,1357.63
SO-101611,2025-06-29,South,Direct,Enterprise,10,2444.86,0.0,24448.6,15730.41
SO-101620,2025-06-29,Midwest,Partner,Enterprise,9,1120.25,0.15,8569.91,6384.41
SO-102095,2025-06-29,West,Partner,SMB,31,172.54,0.0,5348.74,3429.05
SO-102225,2025-06-29,Midwest,Partner,Mid-Market,6,725.74,0.0,4354.44,2978.54
SO-100350,2025-06-30,South,Direct,Enterprise,9,1456.52,0.05,12453.25,7285.87
SO-100601,2025-06-30,Midwest,Partner,Mid-Market,11,389.45,0.0,4283.95,3018.56
SO-100738,2025-06-30,Midwest,Direct,SMB,58,69.06,0.0,4005.48,2635.82
SO-101012,2025-06-30,Midwest,Marketplace,Mid-Market,16,353.73,0.15,4810.73,3491.07
SO-101085,2025-06-30,South,Direct,SMB,16,280.58,0.15,3815.89,2921.3
SO-101159,2025-06-30,South,Marketplace,Mid-Market,17,531.34,0.25,6774.59,5490.36
SO-101217,2025-06-30,West,Marketplace,SMB,58,149.12,0.0,8648.96,5969.77
SO-101536,2025-06-30,Midwest,Direct,SMB,29,255.05,0.1,6656.81,5196.56
SO-101655,2025-06-30,West,Marketplace,SMB,24,108.39,0.15,2211.16,1644.92
SO-101693,2025-06-30,South,Direct,SMB,59,137.49,0.15,6895.12,5132.13
SO-101705,2025-06-30,Northeast,Direct,SMB,39,81.14,0.1,2848.01,1825.06
SO-102138,2025-06-30,Midwest,Direct,Mid-Market,12,518.38,0.05,5909.53,3483.72
SO-100351,2025-07-01,South,Partner,Mid-Market,16,333.41,0.25,4000.92,3332.92
SO-100384,2025-07-01,Midwest,Marketplace,Mid-Market,26,588.13,0.0,15291.38,10696.34
SO-100402,2025-07-01,South,Direct,SMB,26,293.86,0.0,7640.36,5058.93
SO-100539,2025-07-01,Midwest,Direct,Mid-Market,25,431.09,0.0,10777.25,7278.1
SO-100629,2025-07-01,West,Partner,Mid-Market,24,899.74,0.0,21593.76,13464.49
SO-101299,2025-07-01,West,Marketplace,Mid-Market,23,885.38,0.0,20363.74,11598.01
SO-102085,2025-07-01,Northeast,Partner,Enterprise,2,1466.93,0.0,2933.86,1649.01
SO-102377,2025-07-01,Northeast,Direct,SMB,31,121.0,0.05,3563.45,2253.68
SO-100056,2025-07-02,West,Partner,Mid-Market,12,560.42,0.0,6725.04,4273.56
SO-100736,2025-07-02,Midwest,Partner,Mid-Market,7,538.88,0.1,3394.94,2496.63
SO-101214,2025-07-02,West,Marketplace,SMB,18,92.08,0.05,1574.57,1003.2
SO-102142,2025-07-02,South,Marketplace,SMB,4,244.24,0.0,976.96,691.38
SO-102318,2025-07-02,South,Partner,SMB,27,294.43,0.0,7949.61,4730.67
SO-100013,2025-07-03,West,Direct,SMB,25,289.22,0.0,7230.5,4193.38
SO-101383,2025-07-03,West,Direct,Mid-Market,28,833.15,0.05,22161.79,14037.31
SO-101538,2025-07-03,Midwest,Partner,SMB,52,122.02,0.1,5710.54,3901.71
SO-100199,2025-07-04,South,Marketplace,SMB,2,50.24,0.0,100.48,67.85
SO-100356,2025-07-04,West,Marketplace,Mid-Market,8,516.09,0.0,4128.72,2709.21
SO-100473,2025-07-04,West,Partner,SMB,18,127.67,0.1,2068.25,1457.61
SO-100926,2025-07-04,West,Marketplace,Enterprise,9,2487.5,0.15,19029.38,15651.03
SO-101107,2025-07-04,West,Direct,Enterprise,9,2563.29,0.25,17302.21,13879.33
SO-101215,2025-07-04,South,Partner,SMB,13,236.12,0.0,3069.56,1704.78
SO-101355,2025-07-04,Northeast,Partner,Mid-Market,17,481.0,0.0,8177.0,4765.1
SO-101749,2025-07-04,South,Marketplace,Enterprise,4,1911.92,0.15,6500.53,4309.15
SO-102097,2025-07-04,West,Partner,SMB,5,174.43,0.05,828.54,612.23
SO-100191,2025-07-05,South,Marketplace,Enterprise,5,2352.56,0.0,11762.8,8125.07
SO-100378,2025-07-05,West,Direct,Enterprise,11,1287.89,0.1,12750.11,8008.28
SO-100816,2025-07-05,West,Direct,SMB,9,268.55,0.0,2416.95,1501.31
SO-100835,2025-07-05,Midwest,Partner,SMB,35,105.22,0.1,3314.43,2372.89
SO-101949,2025-07-05,South,Direct,SMB,57,279.49,0.15,13541.29,9633.16
SO-100121,2025-07-06,South,Direct,SMB,26,230.65,0.0,5996.9,3304.29
SO-100439,2025-07-06,Northeast,Direct,Enterprise,5,2275.32,0.1,10238.94,7137.08
SO-100568,2025-07-06,Midwest,Marketplace,Enterprise,4,1987.66,0.15,6758.04,4525.71
SO-100686,2025-07-06,Midwest,Marketplace,Mid-Market,10,736.7,0.0,7367.0,4099.32
SO-100934,2025-07-06,South,Direct,Mid-Market,3,591.84,0.0,1775.52,1154.01
SO-101035,2025-07-06,Northeast,Marketplace,Mid-Market,2,442.87,0.05,841.45,496.42
SO-101111,2025-07-06,Northeast,Direct,Mid-Market,27,795.11,0.0,21467.97,12152.0
SO-101356,2025-07-06,Northeast,Direct,SMB,6,196.84,0.0,1181.04,760.11
SO-101486,2025-07-06,Northeast,Direct,Mid-Market,6,529.45,0.15,2700.2,1928.74
SO-101708,2025-07-06,West,Partner,Enterprise,1,2067.56,0.0,2067.56,1277.79
SO-101972,2025-07-06,South,Direct,Mid-Market,24,818.63,0.25,14735.34,10837.61
SO-102217,2025-07-06,West,Marketplace,Enterprise,6,1729.33,0.0,10375.98,6499.66
SO-102241,2025-07-06,West,Direct,SMB,52,53.47,0.0,2780.44,1986.66
SO-100040,2025-07-07,Midwest,Partner,Enterprise,3,2544.83,0.0,7634.49,5435.19
SO-100042,2025-07-07,Midwest,Direct,Enterprise,9,1679.74,0.1,13605.89,9302.48
SO-100271,2025-07-07,West,Direct,Mid-Market,19,511.33,0.0,9715.27,6695.76
SO-100405,2025-07-07,South,Marketplace,Mid-Market,7,416.05,0.05,2766.73,1689.78
SO-100826,2025-07-07,Midwest,Marketplace,Mid-Market,9,363.36,0.05,3106.73,2122.87
SO-100961,2025-07-07,West,Direct,SMB,47,295.03,0.1,12479.77,7925.18
SO-101080,2025-07-07,West,Marketplace,SMB,36,54.55,0.25,1472.85,1147.19
SO-101211,2025-07-07,South,Marketplace,SMB,10,150.05,0.1,1350.45,840.74
SO-101953,2025-07-07,Northeast,Marketplace,SMB,51,46.99,0.0,2396.49,1452.41
SO-102091,2025-07-07,West,Marketplace,Enterprise,3,2066.08,0.0,6198.24,3866.22
SO-100130,2025-07-08,Midwest,Direct,Mid-Market,16,432.62,0.0,6921.92,4967.47
SO-101296,2025-07-08,West,Direct,SMB,50,276.93,0.0,13846.5,9437.86
SO-101330,2025-07-08,West,Partner,SMB,12,82.18,0.05,936.85,650.9
SO-101340,2025-07-08,West,Marketplace,SMB,27,86.57,0.1,2103.65,1457.58
SO-101365,2025-07-08,Northeast,Direct,SMB,52,47.4,0.05,2341.56,1368.08
SO-102126,2025-07-08,West,Partner,SMB,41,257.77,0.05,10040.14,5981.93
SO-102220,2025-07-08,Midwest,Marketplace,Enterprise,5,1443.43,0.0,7217.15,4940.56
SO-102359,2025-07-08,West,Direct,SMB,45,76.78,0.05,3282.34,2071.08
SO-100093,2025-07-09,Midwest,Direct,Mid-Market,3,758.37,0.1,2047.6,1391.44
SO-100233,2025-07-09,South,Partner,SMB,30,169.14,0.1,4566.78,3562.68
SO-100563,2025-07-09,Northeast,Direct,SMB,36,94.13,0.0,3388.68,2380.83
SO-100938,2025-07-09,Midwest,Partner,SMB,6,201.03,0.1,1085.56,760.31
SO-102070,2025-07-09,Midwest,Marketplace,SMB,10,109.07,0.1,981.63,695.76
SO-102077,2025-07-09,Midwest,Direct,SMB,50,100.41,0.0,5020.5,2988.97
SO-100137,2025-07-10,Midwest,Direct,Enterprise,3,1585.89,0.05,4519.79,2841.73
SO-100254,2025-07-10,Midwest,Direct,SMB,55,46.18,0.05,2412.91,1589.42
SO-100730,2025-07-10,Northeast,Partner,Enterprise,2,938.2,0.1,1688.76,1048.16
SO-100940,2025-07-10,South,Marketplace,Mid-Market,22,833.33,0.0,18333.26,11472.52
SO-101189,2025-07-10,West,Marketplace,Enterprise,8,2076.76,0.05,15783.38,9291.55
SO-101351,2025-07-10,West,Direct,SMB,37,153.68,0.05,5401.85,3874.45
SO-101447,2025-07-10,West,Partner,Mid-Market,18,651.66,0.25,8797.41,6640.88
SO-102368,2025-07-10,West,Direct,Enterprise,1,1590.39,0.05,1510.87,958.87
SO-100424,2025-07-11,South,Direct,SMB,43,169.69,0.05,6931.84,4466.83
SO-100554,2025-07-11,West,Marketplace,Mid-Market,25,630.03,0.25,11813.06,10326.31
SO-101014,2025-07-11,Midwest,Partner,SMB,39,70.98,0.05,2629.81,1542.9
SO-101052,2025-07-11,Northeast,Partner,SMB,40,113.59,0.0,4543.6,2605.46
SO-101629,2025-07-11,South,Direct,SMB,34,237.01,0.0,8058.34,4552.11
SO-101721,2025-07-11,Midwest,Direct,SMB,28,278.48,0.1,7017.7,5409.2
SO-101769,2025-07-11,West,Direct,Mid-Market,7,893.31,0.15,5315.19,3628.38
SO-100303,2025-07-12,West,Direct,SMB,38,98.06,0.25,2794.71,2369.25
SO-100383,2025-07-12,Northeast,Direct,SMB,41,264.39,0.0,10839.99,6000.26
SO-100468,2025-07-12,Midwest,Marketplace,SMB,52,217.52,0.15,9614.38,7178.89
SO-100781,2025-07-12,West,Direct,SMB,7,289.89,0.0,2029.23,1203.35
SO-100984,2025-07-12,Midwest,Direct,SMB,24,96.49,0.05,2199.97,1365.22
SO-101390,2025-07-12,Northeast,Partner,Mid-Market,3,460.58,0.05,1312.65,958.61
SO-101409,2025-07-12,South,Partner,SMB,16,78.55,0.15,1068.28,807.55
SO-101540,2025-07-12,Northeast,Marketplace,Mid-Market,27,492.97,0.05,12644.68,7909.96
SO-101601,2025-07-12,Midwest,Partner,SMB,51,174.56,0.15,7567.18,6085.86
SO-102133,2025-07-12,South,Direct,Mid-Market,13,816.08,0.05,10078.59,7063.83
SO-102329,2025-07-12,Northeast,Partner,SMB,54,188.68,0.0,10188.72,6203.18
SO-100099,2025-07-13,West,Direct,SMB,22,157.82,0.0,3472.04,1955.8
SO-100760,2025-07-13,Northeast,Direct,Mid-Market,26,670.39,0.1,15687.13,11323.83
SO-100838,2025-07-13,Northeast,Partner,Enterprise,1,1878.04,0.1,1690.24,1221.03
SO-101176,2025-07-13,Northeast,Partner,SMB,10,179.44,0.0,1794.4,1005.26
SO-101203,2025-07-13,Midwest,Direct,Enterprise,12,2498.3,0.1,26981.64,18431.55
SO-101308,2025-07-13,Midwest,Partner,Enterprise,2,2087.06,0.0,4174.12,2968.14
SO-101332,2025-07-13,South,Direct,Enterprise,9,2055.63,0.0,18500.67,13211.91
SO-101539,2025-07-13,Northeast,Direct,SMB,24,225.77,0.1,4876.63,3812.91
SO-101546,2025-07-13,West,Marketplace,Mid-Market,11,384.51,0.0,4229.61,2511.07
SO-101635,2025-07-13,South,Marketplace,Enterprise,11,1037.73,0.05,10844.28,6859.35
SO-101647,2025-07-13,West,Marketplace,Mid-Market,29,761.59,0.0,22086.11,15415.45
SO-101987,2025-07-13,Northeast,Direct,SMB,1,122.97,0.0,122.97,80.66
SO-102163,2025-07-13,West,Direct,SMB,52,283.46,0.25,11054.94,10565.52
SO-102295,2025-07-13,Midwest,Partner,SMB,44,184.6,0.0,8122.4,4993.89
SO-100169,2025-07-14,Northeast,Marketplace,SMB,41,104.56,0.0,4286.96,2745.21
SO-101157,2025-07-14,West,Direct,SMB,55,155.94,0.0,8576.7,5602.28
SO-101348,2025-07-14,West,Direct,Mid-Market,6,771.89,0.0,4631.34,3263.4
SO-101478,2025-07-14,West,Partner,SMB,2,272.09,0.05,516.97,331.6
SO-102271,2025-07-14,West,Direct,Mid-Market,9,889.94,0.0,8009.46,5735.55
SO-102340,2025-07-14,Northeast,Marketplace,Mid-Market,6,899.76,0.1,4858.7,3133.66
SO-100487,2025-07-15,South,Partner,SMB,9,210.1,0.15,1607.26,1163.54
SO-101005,2025-07-15,Northeast,Direct,SMB,41,152.83,0.0,6266.03,4341.86
SO-101245,2025-07-15,Midwest,Partner,Mid-Market,26,782.42,0.0,20342.92,11820.09
SO-101420,2025-07-15,South,Direct,Mid-Market,16,535.99,0.0,8575.84,5870.91
SO-101723,2025-07-15,Northeast,Direct,Mid-Market,18,331.04,0.05,5660.78,3879.17
SO-101940,2025-07-15,Northeast,Direct,Mid-Market,13,837.41,0.0,10886.33,7520.52
SO-101412,2025-07-16,West,Direct,SMB,30,98.67,0.05,2812.09,1785.16
SO-101593,2025-07-16,West,Partner,Enterprise,10,1158.22,0.0,11582.2,7144.17
SO-101617,2025-07-16,Midwest,Direct,SMB,9,212.1,0.0,1908.9,1192.99
SO-101688,2025-07-16,Midwest,Marketplace,Mid-Market,7,509.33,0.0,3565.31,2004.0
SO-101792,2025-07-16,South,Partner,SMB,45,295.28,0.0,13287.6,8578.82
SO-101991,2025-07-16,South,Partner,Mid-Market,9,713.25,0.05,6098.29,4599.59
SO-100226,2025-07-17,Midwest,Partner,Mid-Market,4,657.78,0.0,2631.12,1475.13
SO-100306,2025-07-17,West,Direct,Enterprise,12,1865.06,0.0,22380.72,13792.99
SO-100579,2025-07-17,West,Partner,Mid-Market,2,464.53,0.1,836.15,637.65
SO-100675,2025-07-17,Midwest,Partner,Enterprise,12,1521.31,0.0,18255.72,12893.09
SO-101210,2025-07-17,Midwest,Direct,Mid-Market,14,565.99,0.1,7131.47,5478.65
SO-101377,2025-07-17,West,Partner,Enterprise,7,1417.92,0.0,9925.44,6632.79
SO-101695,2025-07-17,Midwest,Partner,Mid-Market,4,406.61,0.15,1382.47,1116.39
SO-101807,2025-07-17,Midwest,Partner,SMB,35,247.49,0.0,8662.15,4767.51
SO-101858,2025-07-17,West,Partner,SMB,2,148.29,0.15,252.09,190.15
SO-102145,2025-07-17,Northeast,Marketplace,SMB,42,177.85,0.0,7469.7,4435.89
SO-100714,2025-07-18,South,Marketplace,Enterprise,2,2564.17,0.1,4615.51,3472.66
SO-101134,2025-07-18,West,Partner,Mid-Market,24,703.85,0.05,16047.78,10284.37
SO-101199,2025-07-18,South,Direct,Mid-Market,12,651.93,0.0,7823.16,4303.2
SO-101394,2025-07-18,Midwest,Partner,Mid-Market,15,930.9,0.25,10472.62,9835.89
SO-101564,2025-07-18,West,Marketplace,Mid-Market,25,502.19,0.05,11927.01,7084.55
SO-101577,2025-07-18,West,Direct,Mid-Market,21,392.78,0.1,7423.54,5445.96
SO-102012,2025-07-18,Midwest,Direct,SMB,39,209.02,0.1,7336.6,5690.75
SO-102119,2025-07-18,West,Direct,SMB,18,71.64,0.1,1160.57,825.7
SO-102199,2025-07-18,Midwest,Marketplace,SMB,29,168.81,0.0,4895.49,2781.66
SO-100503,2025-07-19,West,Marketplace,Mid-Market,10,733.49,0.15,6234.66,4274.96
SO-100707,2025-07-19,Midwest,Partner,Mid-Market,27,326.98,0.0,8828.46,5998.16
SO-101257,2025-07-19,South,Marketplace,SMB,4,195.3,0.05,742.14,549.47
SO-101580,2025-07-19,Northeast,Direct,SMB,22,81.16,0.0,1785.52,1140.84
SO-101606,2025-07-19,Northeast,Partner,Mid-Market,3,899.23,0.05,2562.81,1940.35
SO-102279,2025-07-19,Northeast,Partner,SMB,17,270.21,0.25,3445.18,3221.26
SO-102300,2025-07-19,South,Direct,SMB,52,179.91,0.0,9355.32,5376.54
SO-102308,2025-07-19,Midwest,Partner,Mid-Market,21,363.67,0.05,7255.22,5244.87
SO-100016,2025-07-20,West,Direct,Mid-Market,14,385.23,0.05,5123.56,3023.34
SO-100108,2025-07-20,Northeast,Direct,SMB,16,148.98,0.05,2264.5,1506.22
SO-100184,2025-07-20,West,Direct,Mid-Market,5,779.34,0.05,3701.87,2565.54
SO-100355,2025-07-20,South,Partner,SMB,11,221.69,0.0,2438.59,1436.25
SO-100628,2025-07-20,South,Partner,SMB,30,265.41,0.05,7564.19,4387.94
SO-101120,2025-07-20,West,Direct,SMB,50,136.82,0.15,5814.85,3925.37
SO-101181,2025-07-20,Northeast,Partner,Enterprise,4,2230.37,0.0,8921.48,5724.63
SO-101256,2025-07-20,Northeast,Marketplace,SMB,12,203.04,0.0,2436.48,1699.76
SO-101462,2025-07-20,Midwest,Marketplace,SMB,41,255.72,0.0,10484.52,5964.92
SO-101500,2025-07-20,Northeast,Direct,SMB,52,142.37,0.25,5552.43,4289.94
SO-100080,2025-07-21,Midwest,Direct,Enterprise,11,1174.82,0.0,12923.02,9097.98
SO-100235,2025-07-21,West,Direct,Mid-Market,29,420.63,0.25,9148.7,8765.58
SO-100464,2025-07-21,West,Marketplace,Mid-Market,12,922.14,0.05,10512.4,7945.75
SO-101227,2025-07-21,West,Direct,SMB,47,96.31,0.0,4526.57,3221.33
SO-101712,2025-07-21,West,Direct,SMB,41,269.64,0.0,11055.24,7773.01
SO-101775,2025-07-21,West,Direct,Mid-Market,26,510.41,0.05,12607.13,8202.71
SO-101791,2025-07-21,Northeast,Direct,Mid-Market,7,468.73,0.0,3281.11,2195.77
SO-102014,2025-07-21,Northeast,Partner,Mid-Market,23,447.9,0.0,10301.7,6350.31
SO-102175,2025-07-21,Northeast,Direct,SMB,57,239.77,0.15,11616.86,8542.89
SO-100119,2025-07-22,Northeast,Direct,SMB,10,207.99,0.0,2079.9,1201.82
SO-100262,2025-07-22,Midwest,Direct,SMB,4,243.11,0.0,972.44,574.58
SO-100295,2025-07-22,West,Marketplace,SMB,3,157.11,0.05,447.76,279.21
SO-100299,2025-07-22,Northeast,Marketplace,SMB,8,130.43,0.15,886.92,633.47
SO-100974,2025-07-22,Northeast,Partner,SMB,36,182.76,0.1,5921.42,4723.31
SO-101907,2025-07-22,Northeast,Marketplace,SMB,24,129.19,0.1,2790.5,2037.19
SO-102124,2025-07-22,Midwest,Direct,SMB,29,138.21,0.0,4008.09,2724.98
SO-100123,2025-07-23,Midwest,Direct,Enterprise,10,2476.29,0.1,22286.61,14342.34
SO-100261,2025-07-23,South,Partner,Enterprise,1,2493.89,0.0,2493.89,1549.91
SO-100390,2025-07-23,Northeast,Direct,SMB,58,53.39,0.0,3096.62,2120.13
SO-100911,2025-07-23,Northeast,Direct,SMB,52,115.85,0.25,4518.15,4114.79
SO-101223,2025-07-23,South,Direct,SMB,51,121.75,0.0,6209.25,4132.1
SO-101244,2025-07-23,South,Direct,SMB,13,249.63,0.0,3245.19,1953.62
SO-101414,2025-07-23,West,Partner,Mid-Market,23,416.12,0.0,9570.76,6305.88
SO-101438,2025-07-23,South,Direct,SMB,4,54.25,0.15,184.45,126.97
SO-101750,2025-07-23,West,Direct,Enterprise,3,1902.75,0.15,4852.01,3833.83
SO-101962,2025-07-23,Midwest,Partner,Mid-Market,15,747.33,0.15,9528.46,6866.36
SO-102046,2025-07-23,South,Marketplace,SMB,2,98.63,0.0,197.26,140.09
SO-100077,2025-07-24,Northeast,Direct,SMB,36,185.05,0.1,5995.62,3720.02
SO-100176,2025-07-24,Midwest,Direct,SMB,28,221.83,0.05,5900.68,4083.92
SO-101179,2025-07-24,South,Direct,SMB,33,130.18,0.0,4295.94,2946.1
SO-101336,2025-07-24,West,Direct,SMB,9,63.02,0.1,510.46,378.7
SO-101605,2025-07-24,West,Direct,Enterprise,6,2565.06,0.0,15390.36,9639.77
SO-101870,2025-07-24,Northeast,Direct,Mid-Market,14,344.26,0.05,4578.66,2962.1
SO-101978,2025-07-24,West,Direct,SMB,54,62.37,0.1,3031.18,1921.66
SO-102303,2025-07-24,West,Partner,Mid-Market,2,684.85,0.05,1301.21,915.7
SO-102350,2025-07-24,South,Direct,SMB,54,148.87,0.05,7637.03,5224.51
SO-100338,2025-07-25,Midwest,Partner,SMB,40,65.77,0.1,2367.72,1770.19
SO-100720,2025-07-25,West,Direct,Enterprise,11,1236.1,0.05,12917.24,8312.19
SO-100722,2025-07-25,West,Direct,SMB,32,184.17,0.1,5304.1,3783.99
SO-101570,2025-07-25,Midwest,Direct,SMB,54,105.83,0.25,4286.11,3744.67
SO-101810,2025-07-25,Northeast,Direct,SMB,15,236.91,0.05,3375.97,2237.81
SO-101828,2025-07-25,West,Direct,Enterprise,10,1054.76,0.0,10547.6,7178.52
SO-101869,2025-07-25,South,Direct,SMB,32,174.3,0.0,5577.6,3869.73
SO-102287,2025-07-25,Midwest,Direct,Enterprise,4,1332.3,0.0,5329.2,3815.13
SO-100194,2025-07-26,West,Marketplace,SMB,11,200.43,0.05,2094.49,1578.85
SO-100906,2025-07-26,West,Marketplace,SMB,23,238.82,0.05,5218.22,3359.58
SO-101790,2025-07-26,Midwest,Direct,Enterprise,7,1928.96,0.0,13502.72,7609.48
SO-100177,2025-07-27,Northeast,Direct,Enterprise,4,2443.61,0.0,9774.44,6329.7
SO-100673,2025-07-27,West,Marketplace,SMB,2,62.16,0.1,111.89,89.11
SO-101123,2025-07-27,South,Partner,Enterprise,11,934.37,0.0,10278.07,5794.75
SO-101135,2025-07-27,Northeast,Direct,SMB,20,214.13,0.1,3854.34,2770.21
SO-101205,2025-07-27,Northeast,Direct,SMB,49,159.4,0.05,7420.07,4554.39
SO-101418,2025-07-27,West,Partner,SMB,8,48.18,0.0,385.44,249.12
SO-101694,2025-07-27,Midwest,Marketplace,Mid-Market,16,860.6,0.15,11704.16,8710.73
SO-101868,2025-07-27,Midwest,Marketplace,Mid-Market,12,513.71,0.05,5856.29,3942.99
SO-102197,2025-07-27,South,Direct,SMB,28,181.6,0.0,5084.8,3657.3
SO-100413,2025-07-28,Northeast,Marketplace,Mid-Market,21,830.82,0.0,17447.22,10738.95
SO-100450,2025-07-28,South,Marketplace,Enterprise,4,1151.71,0.05,4376.5,2664.66
SO-100529,2025-07-28,West,Direct,SMB,34,220.9,0.25,5632.95,4245.28
SO-100752,2025-07-28,Midwest,Partner,SMB,53,148.97,0.05,7500.64,5093.73
SO-101579,2025-07-28,West,Direct,SMB,17,172.8,0.0,2937.6,1775.55
SO-101852,2025-07-28,Midwest,Direct,Mid-Market,13,674.05,0.15,7448.25,6162.17
SO-102194,2025-07-28,Northeast,Direct,Mid-Market,13,836.73,0.0,10877.49,7487.32
SO-100249,2025-07-29,West,Direct,Mid-Market,20,433.83,0.1,7808.94,5541.58
SO-100494,2025-07-29,Northeast,Partner,Mid-Market,29,875.52,0.0,25390.08,15567.4
SO-100567,2025-07-29,Midwest,Partner,Mid-Market,6,887.06,0.0,5322.36,3592.57
SO-100767,2025-07-29,Northeast,Partner,Mid-Market,3,863.86,0.0,2591.58,1453.57
SO-100899,2025-07-29,West,Direct,SMB,35,213.05,0.0,7456.75,4270.82
SO-100925,2025-07-29,West,Partner,SMB,22,109.64,0.0,2412.08,1714.63
SO-101349,2025-07-29,Northeast,Direct,Enterprise,10,2480.48,0.05,23564.56,17132.52
SO-102076,2025-07-29,Northeast,Marketplace,SMB,53,271.77,0.05,13683.62,9555.52
SO-102157,2025-07-29,South,Direct,SMB,57,75.18,0.0,4285.26,2485.48
SO-102296,2025-07-29,Midwest,Partner,Enterprise,6,1962.88,0.0,11777.28,7559.18
SO-102342,2025-07-29,West,Partner,Mid-Market,11,404.64,0.0,4451.04,2543.6
SO-100716,2025-07-30,Northeast,Direct,Mid-Market,11,899.04,0.0,9889.44,6058.61
SO-100791,2025-07-30,Northeast,Direct,Mid-Market,4,580.59,0.1,2090.12,1585.15
SO-100821,2025-07-30,South,Marketplace,Mid-Market,11,524.43,0.1,5191.86,3454.98
SO-100932,2025-07-30,Northeast,Direct,SMB,19,154.4,0.0,2933.6,1659.55
SO-101815,2025-07-30,South,Partner,Mid-Market,28,908.07,0.05,24154.66,15925.27
SO-102381,2025-07-30,West,Partner,SMB,50,204.45,0.05,9711.38,6373.56
SO-100188,2025-07-31,Midwest,Marketplace,Mid-Market,11,798.73,0.05,8346.73,5997.12
SO-100212,2025-07-31,West,Direct,SMB,6,209.35,0.0,1256.1,723.26
SO-100827,2025-07-31,Northeast,Partner,SMB,37,151.62,0.0,5609.94,3981.12
SO-101156,2025-07-31,Northeast,Direct,SMB,45,54.28,0.0,2442.6,1587.6
SO-101353,2025-07-31,West,Marketplace,Enterprise,3,1319.06,0.1,3561.46,2431.61
SO-101469,2025-07-31,South,Partner,SMB,2,186.83,0.0,373.66,234.12
SO-101591,2025-07-31,West,Partner,Mid-Market,22,631.86,0.0,13900.92,9825.05
SO-101783,2025-07-31,Midwest,Partner,Enterprise,6,955.31,0.05,5445.27,3783.08
SO-102174,2025-07-31,Northeast,Partner,Mid-Market,22,817.02,0.05,17075.72,12624.35
SO-100441,2025-08-01,Midwest,Partner,SMB,23,64.44,0.1,1333.91,1000.17
SO-100623,2025-08-01,Midwest,Partner,Enterprise,8,1191.72,0.0,9533.76,6123.66
SO-101216,2025-08-01,Midwest,Partner,SMB,36,217.07,0.0,7814.52,4998.37
SO-101370,2025-08-01,West,Direct,Mid-Market,22,520.66,0.0,11454.52,7131.11
SO-101446,2025-08-01,Midwest,Partner,Mid-Market,15,856.24,0.1,11559.24,7596.17
SO-101763,2025-08-01,West,Direct,SMB,9,140.11,0.15,1071.84,786.28
SO-101853,2025-08-01,Midwest,Partner,SMB,30,68.17,0.05,1942.85,1215.58
SO-102167,2025-08-01,South,Partner,Enterprise,8,1285.73,0.0,10285.84,6445.85
SO-100341,2025-08-02,West,Marketplace,Mid-Market,9,675.83,0.0,6082.47,3463.5
SO-100558,2025-08-02,Northeast,Direct,Enterprise,3,2597.41,0.0,7792.23,4711.24
SO-100614,2025-08-02,Midwest,Marketplace,Mid-Market,11,944.72,0.05,9872.32,7433.59
SO-100661,2025-08-02,Northeast,Partner,SMB,52,124.75,0.0,6487.0,3990.81
SO-101268,2025-08-02,West,Direct,Enterprise,3,1268.46,0.05,3615.11,2186.8
SO-101566,2025-08-02,Midwest,Direct,Enterprise,10,2427.31,0.15,20632.13,14539.46
SO-101984,2025-08-02,South,Direct,SMB,16,181.4,0.0,2902.4,1714.97
SO-102087,2025-08-02,South,Marketplace,Mid-Market,25,355.82,0.0,8895.5,5018.4
SO-102190,2025-08-02,South,Partner,SMB,15,191.94,0.05,2735.14,1845.94
SO-102385,2025-08-02,Midwest,Direct,SMB,7,130.67,0.1,823.22,608.43
SO-100397,2025-08-03,West,Marketplace,Mid-Market,6,563.86,0.0,3383.16,2096.53
SO-100599,2025-08-03,Northeast,Partner,Enterprise,1,2367.2,0.05,2248.84,1306.15
SO-100774,2025-08-03,West,Partner,Enterprise,4,2528.71,0.0,10114.84,6741.3
SO-100782,2025-08-03,West,Partner,SMB,33,68.02,0.0,2244.66,1315.82
SO-100919,2025-08-03,Northeast,Partner,Mid-Market,23,816.33,0.0,18775.59,12648.76
SO-101140,2025-08-03,Midwest,Partner,Enterprise,6,2492.63,0.05,14207.99,10649.08
SO-101527,2025-08-03,Northeast,Direct,Mid-Market,13,352.22,0.0,4578.86,2522.15
SO-101691,2025-08-03,Northeast,Direct,Enterprise,3,965.84,0.0,2897.52,2073.36
SO-101806,2025-08-03,Northeast,Direct,Enterprise,6,1668.01,0.0,10008.06,6734.98
SO-101826,2025-08-03,South,Direct,Mid-Market,4,938.44,0.0,3753.76,2361.79
SO-102247,2025-08-03,Midwest,Direct,SMB,34,220.16,0.1,6736.9,4427.83
SO-100208,2025-08-04,West,Direct,SMB,59,282.28,0.0,16654.52,11628.63
SO-100339,2025-08-04,Northeast,Partner,SMB,31,212.41,0.0,6584.71,4590.17
SO-100569,2025-08-04,Midwest,Partner,SMB,31,193.5,0.15,5098.72,3887.53
SO-100704,2025-08-04,West,Marketplace,Enterprise,3,2556.14,0.0,7668.42,4423.34
SO-101321,2025-08-04,Northeast,Direct,Mid-Market,25,670.75,0.1,15091.88,10856.68
SO-101818,2025-08-04,West,Marketplace,SMB,60,290.03,0.0,17401.8,12363.12
SO-102082,2025-08-04,West,Marketplace,SMB,41,74.77,0.0,3065.57,2180.07
SO-102330,2025-08-04,Northeast,Marketplace,SMB,8,67.96,0.0,543.68,321.52
SO-100264,2025-08-05,Midwest,Partner,SMB,1,137.93,0.05,131.03,77.49
SO-100300,2025-08-05,Midwest,Direct,SMB,23,186.23,0.0,4283.29,2695.87
SO-100375,2025-08-05,Northeast,Direct,Mid-Market,23,690.75,0.05,15092.89,10513.41
SO-100559,2025-08-05,Northeast,Direct,Enterprise,10,2292.99,0.1,20636.91,13598.35
SO-100939,2025-08-05,South,Direct,Mid-Market,16,501.33,0.0,8021.28,5229.82
SO-101198,2025-08-05,South,Marketplace,SMB,54,292.57,0.1,14218.9,10582.13
SO-101371,2025-08-05,Midwest,Direct,Mid-Market,9,645.48,0.0,5809.32,3234.57
SO-101664,2025-08-05,Northeast,Direct,SMB,16,280.14,0.05,4258.13,2527.69
SO-101710,2025-08-05,West,Marketplace,SMB,25,228.41,0.05,5424.74,3403.82
SO-101748,2025-08-05,South,Marketplace,SMB,45,158.11,0.0,7114.95,5023.41
SO-102378,2025-08-05,South,Direct,SMB,43,131.72,0.0,5663.96,3708.45
SO-100317,2025-08-06,Northeast,Direct,Mid-Market,12,755.72,0.1,8161.78,6267.32
SO-100431,2025-08-06,Midwest,Marketplace,Enterprise,1,2470.55,0.0,2470.55,1426.06
SO-100622,2025-08-06,South,Marketplace,SMB,4,169.54,0.0,678.16,473.2
SO-100859,2025-08-06,Northeast,Partner,Mid-Market,25,916.45,0.25,17183.44,12922.32
SO-100885,2025-08-06,Northeast,Direct,SMB,42,108.92,0.25,3430.98,2924.61
SO-101250,2025-08-06,Midwest,Marketplace,Enterprise,11,2549.26,0.0,28041.86,15484.08
SO-101417,2025-08-06,Midwest,Partner,SMB,44,183.58,0.05,7673.64,5755.9
SO-101894,2025-08-06,West,Direct,Enterprise,8,1412.39,0.0,11299.12,7250.96
SO-102302,2025-08-06,Northeast,Partner,SMB,46,239.11,0.1,9899.15,6761.09
SO-100109,2025-08-07,Midwest,Partner,SMB,5,112.55,0.0,562.75,318.74
SO-100282,2025-08-07,West,Partner,SMB,1,51.52,0.0,51.52,36.18
SO-100828,2025-08-07,South,Partner,Mid-Market,14,518.71,0.0,7261.94,4545.01
SO-101384,2025-08-07,West,Partner,Enterprise,3,1335.24,0.0,4005.72,2593.83
SO-101439,2025-08-07,Northeast,Partner,SMB,6,274.87,0.25,1236.91,996.08
SO-101768,2025-08-07,West,Marketplace,Mid-Market,20,503.04,0.05,9557.76,6371.96
SO-102103,2025-08-07,Midwest,Direct,Enterprise,8,2171.42,0.0,17371.36,10444.8
SO-101024,2025-08-08,Midwest,Partner,Mid-Market,23,451.04,0.05,9855.22,5835.14
SO-101293,2025-08-08,West,Direct,SMB,18,298.49,0.1,4835.54,3419.87
SO-101737,2025-08-08,Northeast,Direct,SMB,25,123.33,0.05,2929.09,2010.41
SO-101754,2025-08-08,West,Direct,SMB,18,117.79,0.0,2120.22,1406.7
SO-101862,2025-08-08,South,Marketplace,SMB,32,124.6,0.05,3787.84,2219.77
SO-101930,2025-08-08,West,Partner,SMB,2,77.96,0.15,132.53,110.31
SO-101951,2025-08-08,Midwest,Partner,Mid-Market,3,460.17,0.0,1380.51,831.42
SO-102150,2025-08-08,Northeast,Marketplace,SMB,35,210.96,0.1,6645.24,5242.51
SO-102169,2025-08-08,Midwest,Marketplace,Mid-Market,23,599.85,0.05,13106.72,9749.37
SO-102200,2025-08-08,West,Marketplace,Enterprise,6,1815.05,0.15,9256.75,7207.06
SO-102349,2025-08-08,West,Partner,Enterprise,12,1953.66,0.05,22271.72,14104.65
SO-100106,2025-08-09,Northeast,Marketplace,SMB,9,281.67,0.0,2535.03,1740.14
SO-100793,2025-08-09,South,Marketplace,Mid-Market,12,941.63,0.0,11299.56,7832.71
SO-100891,2025-08-09,West,Marketplace,Mid-Market,17,938.48,0.1,14358.74,9700.3
SO-100917,2025-08-09,South,Partner,Enterprise,2,1766.49,0.1,3179.68,2268.82
SO-101395,2025-08-09,Northeast,Direct,Enterprise,5,2255.34,0.0,11276.7,6891.47
SO-101483,2025-08-09,Northeast,Direct,Mid-Market,5,723.74,0.0,3618.7,2594.04
SO-101649,2025-08-09,Northeast,Partner,SMB,26,162.82,0.15,3598.32,2342.24
SO-102019,2025-08-09,Northeast,Direct,Enterprise,8,1997.57,0.05,15181.53,9508.16
SO-102301,2025-08-09,Northeast,Direct,Mid-Market,11,413.39,0.0,4547.29,2536.61
SO-102393,2025-08-09,West,Marketplace,SMB,40,76.3,0.0,3052.0,2048.3
SO-100051,2025-08-10,Northeast,Marketplace,SMB,35,257.83,0.0,9024.05,5740.53
SO-100682,2025-08-10,West,Direct,Mid-Market,5,764.91,0.0,3824.55,2211.41
SO-100888,2025-08-10,Midwest,Partner,Mid-Market,10,377.6,0.0,3776.0,2267.34
SO-101180,2025-08-10,South,Marketplace,Enterprise,2,1443.28,0.15,2453.58,1976.01
SO-101224,2025-08-10,West,Partner,SMB,58,98.56,0.0,5716.48,3911.35
SO-101681,2025-08-10,South,Direct,SMB,25,146.72,0.15,3117.8,2202.75
SO-101778,2025-08-10,South,Partner,SMB,43,103.58,0.0,4453.94,2523.39
SO-101915,2025-08-10,South,Partner,Mid-Market,10,431.41,0.0,4314.1,2645.3
SO-101917,2025-08-10,Midwest,Direct,Mid-Market,4,535.26,0.0,2141.04,1334.0
SO-101967,2025-08-10,Midwest,Direct,SMB,35,142.45,0.0,4985.75,2972.34
SO-102139,2025-08-10,South,Direct,SMB,32,223.73,0.0,7159.36,4518.11
SO-102177,2025-08-10,Northeast,Marketplace,Mid-Market,5,366.2,0.25,1373.25,1189.12
SO-102212,2025-08-10,South,Marketplace,SMB,21,147.55,0.0,3098.55,2203.25
SO-100175,2025-08-11,Midwest,Direct,Mid-Market,5,721.93,0.0,3609.65,2111.99
SO-100388,2025-08-11,South,Direct,SMB,60,120.89,0.0,7253.4,4126.93
SO-100581,2025-08-11,Midwest,Marketplace,Enterprise,4,2487.1,0.0,9948.4,6892.16
SO-100652,2025-08-11,Midwest,Direct,Mid-Market,25,830.0,0.0,20750.0,12996.02
SO-101029,2025-08-11,West,Direct,SMB,57,159.57,0.0,9095.49,5114.52
SO-101097,2025-08-11,West,Direct,Mid-Market,16,738.95,0.25,8867.4,7197.81
SO-101454,2025-08-11,Northeast,Marketplace,SMB,44,270.99,0.1,10731.2,7072.3
SO-100570,2025-08-12,West,Direct,Mid-Market,27,623.47,0.0,16833.69,11192.95
SO-100592,2025-08-12,West,Direct,Mid-Market,6,568.13,0.0,3408.78,2433.18
SO-100741,2025-08-12,Midwest,Partner,SMB,46,287.96,0.0,13246.16,7512.2
SO-100817,2025-08-12,West,Partner,Mid-Market,11,438.2,0.15,4097.17,3302.92
SO-100977,2025-08-12,West,Partner,SMB,17,226.09,0.15,3267.0,2568.76
SO-101173,2025-08-12,South,Direct,Mid-Market,24,592.22,0.0,14213.28,9698.57
SO-101314,2025-08-12,South,Direct,Mid-Market,22,630.43,0.0,13869.46,8541.71
SO-101339,2025-08-12,Midwest,Partner,SMB,4,97.28,0.0,389.12,260.08
SO-101342,2025-08-12,West,Direct,Mid-Market,15,529.52,0.0,7942.8,5230.58
SO-101421,2025-08-12,Midwest,Direct,Mid-Market,6,658.24,0.05,3751.97,2361.61
SO-100426,2025-08-13,Midwest,Partner,Mid-Market,24,451.9,0.25,8134.2,7091.11
SO-101284,2025-08-13,Midwest,Direct,Mid-Market,16,860.82,0.15,11707.15,7631.28
SO-100238,2025-08-14,Midwest,Direct,SMB,7,165.03,0.0,1155.21,711.97
SO-100239,2025-08-14,South,Marketplace,Mid-Market,6,896.01,0.15,4569.65,3384.46
SO-100544,2025-08-14,South,Partner,Enterprise,4,1015.44,0.0,4061.76,2557.93
SO-100735,2025-08-14,Northeast,Marketplace,SMB,24,162.68,0.0,3904.32,2469.1
SO-101317,2025-08-14,South,Partner,SMB,36,251.43,0.05,8598.91,5356.17
SO-101363,2025-08-14,West,Direct,SMB,44,276.73,0.1,10958.51,8101.47
SO-101397,2025-08-14,Midwest,Partner,Mid-Market,18,400.45,0.0,7208.1,4385.76
SO-101996,2025-08-14,South,Partner,SMB,29,203.72,0.0,5907.88,3496.65
SO-102067,2025-08-14,South,Marketplace,SMB,53,195.28,0.1,9314.86,5879.25
SO-100132,2025-08-15,Northeast,Marketplace,Mid-Market,23,345.68,0.05,7553.11,4484.01
SO-100841,2025-08-15,Northeast,Partner,SMB,40,215.57,0.0,8622.8,5526.99
SO-100909,2025-08-15,West,Partner,SMB,52,256.54,0.0,13340.08,7877.19
SO-101197,2025-08-15,South,Direct,Mid-Market,27,776.64,0.25,15726.96,13205.74
SO-101292,2025-08-15,Northeast,Partner,Mid-Market,16,637.16,0.05,9684.83,6872.31
SO-101468,2025-08-15,Northeast,Direct,SMB,17,263.71,0.0,4483.07,2737.44
SO-101640,2025-08-15,West,Marketplace,Mid-Market,18,822.44,0.05,14063.72,10625.87
SO-101943,2025-08-15,Northeast,Direct,Mid-Market,6,501.71,0.15,2558.72,1708.16
SO-102008,2025-08-15,Midwest,Direct,SMB,22,60.88,0.0,1339.36,851.56
SO-102207,2025-08-15,Northeast,Direct,SMB,47,115.98,0.05,5178.51,3590.81
SO-102232,2025-08-15,South,Marketplace,Enterprise,5,2318.1,0.0,11590.5,7267.44
SO-100759,2025-08-16,Midwest,Partner,Mid-Market,15,903.1,0.0,13546.5,7910.86
SO-100916,2025-08-16,South,Partner,SMB,34,198.7,0.0,6755.8,4836.02
SO-101075,2025-08-16,Northeast,Direct,SMB,54,197.38,0.0,10658.52,6804.33
SO-101106,2025-08-16,West,Direct,Mid-Market,10,886.45,0.05,8421.27,5688.21
SO-101599,2025-08-16,Northeast,Direct,Enterprise,11,2151.04,0.0,23661.44,16787.33
SO-102315,2025-08-16,Northeast,Marketplace,SMB,14,273.43,0.1,3445.22,2543.66
SO-102328,2025-08-16,South,Marketplace,SMB,38,66.43,0.05,2398.12,1669.91
SO-100010,2025-08-17,Midwest,Partner,Mid-Market,14,878.84,0.0,12303.76,8734.57
SO-100085,2025-08-17,West,Partner,Mid-Market,11,854.67,0.15,7991.16,5205.61
SO-100110,2025-08-17,Northeast,Marketplace,Enterprise,3,1608.63,0.05,4584.6,3207.28
SO-100211,2025-08-17,South,Partner,Enterprise,11,1558.14,0.05,16282.56,12159.0
SO-100408,2025-08-17,Midwest,Direct,SMB,29,206.83,0.1,5398.26,3476.88
SO-100415,2025-08-17,South,Direct,Mid-Market,18,581.27,0.15,8893.43,6898.26
SO-100833,2025-08-17,Midwest,Partner,SMB,18,92.41,0.0,1663.38,1145.51
SO-101076,2025-08-17,Midwest,Direct,Mid-Market,25,881.66,0.0,22041.5,15035.94
SO-101612,2025-08-17,Midwest,Direct,SMB,13,127.65,0.0,1659.45,915.96
SO-101670,2025-08-17,Northeast,Direct,Mid-Market,11,942.61,0.1,9331.84,6457.98
SO-101908,2025-08-17,West,Marketplace,SMB,60,139.64,0.0,8378.4,4765.45
SO-102307,2025-08-17,South,Partner,Mid-Market,10,879.67,0.15,7477.19,5443.7
SO-100012,2025-08-18,West,Direct,Mid-Market,10,876.53,0.1,7888.77,6108.34
SO-100087,2025-08-18,West,Marketplace,Mid-Market,5,460.99,0.0,2304.95,1648.55
SO-100325,2025-08-18,West,Direct,SMB,11,127.74,0.0,1405.14,859.53
SO-101149,2025-08-18,South,Direct,SMB,2,53.88,0.1,96.98,71.14
SO-101153,2025-08-18,West,Partner,Mid-Market,2,675.44,0.0,1350.88,933.23
SO-101167,2025-08-18,South,Marketplace,Mid-Market,10,935.83,0.0,9358.3,5888.95
SO-101587,2025-08-18,West,Direct,SMB,38,92.48,0.0,3514.24,2257.16
SO-101876,2025-08-18,West,Direct,Enterprise,8,2322.82,0.0,18582.56,12494.79
SO-101983,2025-08-18,West,Partner,Mid-Market,4,563.82,0.0,2255.28,1546.56
SO-100534,2025-08-19,West,Marketplace,Enterprise,2,1333.4,0.0,2666.8,1782.63
SO-100815,2025-08-19,Northeast,Marketplace,Enterprise,7,1479.11,0.0,10353.77,7082.77
SO-101431,2025-08-19,Northeast,Direct,Mid-Market,23,657.16,0.05,14358.95,10520.41
SO-101773,2025-08-19,South,Direct,SMB,25,65.86,0.1,1481.85,1140.89
SO-102269,2025-08-19,West,Partner,SMB,12,143.32,0.05,1633.85,1042.31
SO-100036,2025-08-20,South,Partner,SMB,49,272.97,0.0,13375.53,8096.93
SO-100219,2025-08-20,Northeast,Partner,SMB,51,237.47,0.0,12110.97,7237.32
SO-100948,2025-08-20,Midwest,Partner,Enterprise,1,1168.08,0.1,1051.27,784.27
SO-101413,2025-08-20,Northeast,Direct,Mid-Market,14,562.77,0.0,7878.78,5635.2
SO-101519,2025-08-20,West,Partner,SMB,35,109.18,0.1,3439.17,2495.77
SO-101711,2025-08-20,West,Direct,SMB,2,194.26,0.05,369.09,214.22
SO-102366,2025-08-20,West,Partner,Enterprise,9,1550.94,0.25,10468.85,8478.23
SO-100364,2025-08-21,West,Direct,Mid-Market,14,678.3,0.0,9496.2,5495.61
SO-100377,2025-08-21,West,Partner,SMB,24,178.45,0.15,3640.38,2451.55
SO-100501,2025-08-21,Midwest,Marketplace,SMB,22,72.21,0.0,1588.62,1083.71
SO-100729,2025-08-21,Northeast,Direct,SMB,56,91.53,0.0,5125.68,3371.84
SO-101065,2025-08-21,South,Direct,SMB,19,247.88,0.05,4474.23,3022.37
SO-101096,2025-08-21,West,Partner,SMB,3,121.04,0.05,344.96,225.11
SO-101258,2025-08-21,South,Marketplace,SMB,26,160.14,0.0,4163.64,2347.52
SO-101282,2025-08-21,Midwest,Direct,Enterprise,11,2149.52,0.0,23644.72,13288.52
SO-101405,2025-08-21,West,Marketplace,SMB,30,157.57,0.25,3545.32,3292.71
SO-101616,2025-08-21,Northeast,Partner,Enterprise,12,1533.63,0.05,17483.38,12417.73
SO-101796,2025-08-21,West,Direct,SMB,60,83.84,0.05,4778.88,3257.86
SO-102270,2025-08-21,South,Partner,SMB,45,259.12,0.05,11077.38,7616.88
SO-102347,2025-08-21,West,Partner,Enterprise,7,1048.76,0.0,7341.32,5127.94
SO-100009,2025-08-22,West,Partner,Enterprise,2,2505.96,0.0,5011.92,3322.43
SO-100129,2025-08-22,West,Direct,SMB,41,243.41,0.05,9480.82,6011.8
SO-100136,2025-08-22,Northeast,Direct,Enterprise,9,2539.36,0.0,22854.24,14869.45
SO-100666,2025-08-22,Midwest,Marketplace,SMB,37,243.38,0.15,7654.3,6017.52
SO-101313,2025-08-22,Northeast,Direct,Mid-Market,14,348.3,0.1,4388.58,3493.4
SO-101326,2025-08-22,Northeast,Marketplace,SMB,54,189.85,0.05,9739.3,5818.28
SO-101703,2025-08-22,West,Direct,Mid-Market,8,764.18,0.0,6113.44,4001.58
SO-102176,2025-08-22,Northeast,Direct,Mid-Market,5,417.85,0.0,2089.25,1465.47
SO-102289,2025-08-22,South,Direct,SMB,8,229.89,0.0,1839.12,1169.76
SO-100088,2025-08-23,West,Partner,Enterprise,1,902.32,0.0,902.32,583.62
SO-100131,2025-08-23,Midwest,Direct,SMB,52,165.67,0.0,8614.84,4926.29
SO-100343,2025-08-23,Northeast,Marketplace,Mid-Market,20,758.94,0.1,13660.92,10694.57
SO-100461,2025-08-23,Northeast,Direct,Enterprise,9,1263.22,0.0,11368.98,7885.2
SO-100470,2025-08-23,West,Direct,Enterprise,6,1720.2,0.0,10321.2,7319.95
SO-100518,2025-08-23,West,Marketplace,Mid-Market,24,729.54,0.0,17508.96,10907.0
SO-100721,2025-08-23,South,Direct,Enterprise,6,2285.62,0.0,13713.72,8420.63
SO-100928,2025-08-23,West,Direct,Enterprise,6,1021.56,0.05,5822.89,3734.16
SO-100929,2025-08-23,West,Partner,Mid-Market,9,930.97,0.15,7121.92,5366.82
SO-100965,2025-08-23,Midwest,Partner,SMB,54,254.09,0.15,11662.73,7831.48
SO-101116,2025-08-23,Northeast,Direct,SMB,34,47.16,0.0,1603.44,998.75
SO-101511,2025-08-23,South,Direct,Mid-Market,7,557.48,0.25,2926.77,2415.78
SO-102214,2025-08-23,Northeast,Direct,SMB,23,278.2,0.0,6398.6,4294.48
SO-102317,2025-08-23,Northeast,Partner,SMB,34,82.82,0.1,2534.29,1887.14
SO-100543,2025-08-24,West,Direct,SMB,32,68.9,0.0,2204.8,1392.37
SO-100877,2025-08-24,Midwest,Partner,SMB,4,153.28,0.0,613.12,412.74
SO-101557,2025-08-24,South,Marketplace,SMB,11,219.06,0.0,2409.66,1707.69
SO-101961,2025-08-24,West,Marketplace,SMB,36,110.81,0.05,3789.7,2607.34
SO-102192,2025-08-24,South,Marketplace,SMB,42,121.58,0.1,4595.72,3675.19
SO-100416,2025-08-25,South,Direct,SMB,45,259.09,0.0,11659.05,7351.18
SO-101306,2025-08-25,West,Marketplace,SMB,35,154.29,0.0,5400.15,3749.97
SO-101602,2025-08-25,Midwest,Direct,Enterprise,2,1600.49,0.25,2400.74,1896.41
SO-101660,2025-08-25,South,Partner,SMB,3,186.63,0.05,531.9,352.43
SO-101877,2025-08-25,West,Marketplace,Enterprise,5,1680.06,0.0,8400.3,5254.95
SO-102009,2025-08-25,South,Partner,Mid-Market,3,550.8,0.05,1569.78,1032.68
SO-102278,2025-08-25,West,Marketplace,Enterprise,10,1834.21,0.0,18342.1,10179.19
SO-102376,2025-08-25,West,Partner,SMB,10,160.32,0.05,1523.04,1125.59
SO-100028,2025-08-26,West,Marketplace,Mid-Market,4,776.62,0.0,3106.48,1775.65
SO-100171,2025-08-26,Northeast,Partner,Mid-Market,26,482.04,0.0,12533.04,7604.91
SO-100309,2025-08-26,West,Direct,SMB,57,205.3,0.15,9946.78,8299.67
SO-100992,2025-08-26,South,Direct,Enterprise,7,1332.45,0.0,9327.15,6365.99
SO-101042,2025-08-26,West,Partner,Mid-Market,15,525.9,0.1,7099.65,5483.3
SO-101062,2025-08-26,West,Direct,Mid-Market,24,606.9,0.0,14565.6,9203.58
SO-101265,2025-08-26,West,Partner,Mid-Market,6,800.55,0.15,4082.8,3198.44
SO-101411,2025-08-26,Midwest,Marketplace,SMB,14,206.63,0.15,2458.9,1966.58
SO-101452,2025-08-26,Northeast,Partner,Mid-Market,22,481.1,0.0,10584.2,7344.38
SO-101686,2025-08-26,Midwest,Partner,SMB,60,92.92,0.0,5575.2,3620.78
SO-101755,2025-08-26,Midwest,Partner,SMB,25,272.09,0.05,6462.14,4244.89
SO-102055,2025-08-26,West,Direct,Mid-Market,17,758.11,0.0,12887.87,8376.66
SO-102336,2025-08-26,West,Partner,SMB,14,53.66,0.0,751.24,439.03
SO-100095,2025-08-27,Northeast,Marketplace,Mid-Market,26,880.28,0.0,22887.28,15014.32
SO-100455,2025-08-27,Northeast,Marketplace,SMB,52,218.42,0.0,11357.84,6991.78
SO-101771,2025-08-27,West,Marketplace,SMB,19,90.24,0.0,1714.56,1101.22
SO-101884,2025-08-27,South,Direct,Mid-Market,30,830.32,0.05,23664.12,15830.42
SO-102102,2025-08-27,South,Partner,SMB,11,117.23,0.0,1289.53,830.71
SO-100357,2025-08-28,Northeast,Direct,Mid-Market,16,564.37,0.0,9029.92,4975.65
SO-100491,2025-08-28,Northeast,Direct,Enterprise,4,1400.05,0.15,4760.17,3998.55
SO-100685,2025-08-28,Northeast,Direct,Enterprise,4,2025.17,0.0,8100.68,5017.17
SO-100824,2025-08-28,West,Marketplace,SMB,47,95.13,0.1,4024.0,3014.69
SO-100897,2025-08-28,West,Partner,Enterprise,6,2312.46,0.0,13874.76,8381.16
SO-100943,2025-08-28,South,Marketplace,Enterprise,2,1885.4,0.05,3582.26,2194.4
SO-100949,2025-08-28,West,Direct,Enterprise,6,2415.41,0.0,14492.46,9870.07
SO-101145,2025-08-28,Midwest,Marketplace,Mid-Market,15,508.65,0.05,7248.26,4268.7
SO-101300,2025-08-28,South,Direct,SMB,19,52.64,0.0,1000.16,550.19
SO-101442,2025-08-28,Northeast,Partner,Enterprise,7,1077.52,0.0,7542.64,4860.49
SO-102215,2025-08-28,Midwest,Partner,Enterprise,4,1603.58,0.05,6093.6,3816.07
SO-100155,2025-08-29,Northeast,Partner,Mid-Market,18,759.5,0.15,11620.35,8535.17
SO-100337,2025-08-29,Northeast,Direct,Enterprise,6,1778.53,0.0,10671.18,6839.14
SO-100401,2025-08-29,South,Marketplace,Mid-Market,20,664.09,0.0,13281.8,9167.74
SO-100663,2025-08-29,South,Direct,Mid-Market,10,674.83,0.0,6748.3,4282.28
SO-100876,2025-08-29,South,Direct,Mid-Market,5,467.12,0.1,2102.04,1627.45
SO-100976,2025-08-29,West,Direct,Mid-Market,24,365.41,0.1,7892.86,5439.07
SO-101172,2025-08-29,Midwest,Partner,Enterprise,9,1091.14,0.0,9820.26,5969.64
SO-101231,2025-08-29,Midwest,Partner,SMB,30,149.93,0.25,3373.43,3141.09
SO-101316,2025-08-29,West,Direct,SMB,21,254.92,0.15,4550.32,3785.98
SO-101366,2025-08-29,South,Marketplace,Mid-Market,2,660.16,0.0,1320.32,914.39
SO-101367,2025-08-29,Northeast,Direct,Mid-Market,19,459.66,0.1,7860.19,4928.36
SO-101787,2025-08-29,Midwest,Marketplace,Mid-Market,27,592.93,0.0,16009.11,11472.41
SO-101851,2025-08-29,South,Marketplace,SMB,17,81.07,0.0,1378.19,760.84
SO-102274,2025-08-29,West,Partner,SMB,24,150.47,0.0,3611.28,2272.24
SO-102321,2025-08-29,West,Partner,SMB,52,131.32,0.0,6828.64,4231.24
SO-100477,2025-08-30,Midwest,Direct,Mid-Market,8,903.25,0.05,6864.7,4590.05
SO-100565,2025-08-30,Northeast,Partner,Mid-Market,12,823.75,0.0,9885.0,6235.55
SO-101653,2025-08-30,South,Marketplace,SMB,22,269.07,0.05,5623.56,4251.44
SO-101731,2025-08-30,Northeast,Direct,SMB,43,89.74,0.0,3858.82,2333.74
SO-102367,2025-08-30,Northeast,Partner,Enterprise,4,1116.73,0.05,4243.57,2797.31
SO-100069,2025-08-31,South,Direct,Enterprise,8,1029.99,0.05,7827.92,5925.19
SO-100086,2025-08-31,South,Marketplace,SMB,32,45.05,0.0,1441.6,1020.02
SO-100525,2025-08-31,South,Direct,SMB,54,237.1,0.1,11523.06,7751.36
SO-100655,2025-08-31,West,Marketplace,SMB,3,236.02,0.0,708.06,471.23
SO-100689,2025-08-31,Northeast,Partner,Enterprise,2,1722.25,0.0,3444.5,2296.0
SO-100930,2025-08-31,South,Direct,SMB,54,108.97,0.05,5590.16,3810.62
SO-101057,2025-08-31,Northeast,Direct,Mid-Market,14,763.3,0.0,10686.2,7134.62
SO-101911,2025-08-31,West,Direct,SMB,47,190.69,0.0,8962.43,6352.01
SO-102074,2025-08-31,South,Partner,Mid-Market,30,904.48,0.0,27134.4,16529.62
SO-102170,2025-08-31,West,Marketplace,Mid-Market,29,583.67,0.0,16926.43,10644.56
SO-100476,2025-09-01,Midwest,Direct,Mid-Market,12,904.67,0.0,10856.04,7228.65
SO-100679,2025-09-01,South,Direct,SMB,15,293.76,0.25,3304.8,2460.19
SO-101049,2025-09-01,West,Marketplace,SMB,24,74.83,0.0,1795.92,1109.76
SO-101101,2025-09-01,South,Direct,Enterprise,9,976.12,0.0,8785.08,5031.72
SO-102043,2025-09-01,Midwest,Direct,Mid-Market,21,853.27,0.0,17918.67,11552.09
SO-100150,2025-09-02,West,Partner,SMB,1,140.67,0.0,140.67,99.18
SO-100242,2025-09-02,Northeast,Partner,Enterprise,6,1142.71,0.0,6856.26,3837.06
SO-100253,2025-09-02,Midwest,Direct,Enterprise,11,1352.64,0.0,14879.04,10287.01
SO-100404,2025-09-02,West,Direct,SMB,10,61.79,0.1,556.11,378.09
SO-100589,2025-09-02,South,Marketplace,SMB,27,241.43,0.0,6518.61,4080.41
SO-100608,2025-09-02,Midwest,Direct,SMB,20,207.85,0.15,3533.45,2693.91
SO-100822,2025-09-02,South,Direct,SMB,40,80.43,0.15,2734.62,2119.64
SO-101249,2025-09-02,West,Direct,SMB,20,270.33,0.1,4865.94,3475.08
SO-101849,2025-09-02,West,Direct,Enterprise,2,1904.71,0.0,3809.42,2266.69
SO-101956,2025-09-02,Midwest,Partner,SMB,52,124.01,0.0,6448.52,4104.25
SO-102223,2025-09-02,Northeast,Partner,Mid-Market,21,868.02,0.05,17317.0,10311.82
SO-102276,2025-09-02,Northeast,Marketplace,Enterprise,1,2584.08,0.15,2196.47,1705.78
SO-100334,2025-09-03,South,Partner,Mid-Market,25,554.67,0.0,13866.75,9066.44
SO-100647,2025-09-03,West,Marketplace,SMB,60,294.68,0.0,17680.8,12414.69
SO-100854,2025-09-03,Midwest,Partner,Mid-Market,14,450.53,0.1,5676.68,3490.5
SO-101040,2025-09-03,Midwest,Direct,SMB,14,82.31,0.05,1094.72,790.25
SO-101143,2025-09-03,West,Partner,SMB,52,299.88,0.0,15593.76,9054.28
SO-101382,2025-09-03,West,Marketplace,SMB,31,299.14,0.15,7882.34,6354.39
SO-101518,2025-09-03,South,Direct,Mid-Market,2,944.3,0.05,1794.17,1155.63
SO-101528,2025-09-03,Midwest,Direct,Mid-Market,26,707.08,0.0,18384.08,11367.98
SO-101651,2025-09-03,Midwest,Direct,Enterprise,3,1617.79,0.0,4853.37,2680.25
SO-101958,2025-09-03,Northeast,Direct,Mid-Market,14,513.5,0.15,6110.65,4363.75
SO-100067,2025-09-04,Midwest,Partner,Enterprise,5,2553.27,0.0,12766.35,7493.95
SO-100363,2025-09-04,West,Direct,Mid-Market,30,473.36,0.0,14200.8,8653.54
SO-101373,2025-09-04,Northeast,Direct,SMB,34,211.17,0.05,6820.79,4065.65
SO-101639,2025-09-04,Northeast,Partner,Enterprise,7,2439.57,0.05,16223.14,11638.96
SO-102116,2025-09-04,West,Partner,SMB,45,99.93,0.05,4272.01,3232.65
SO-102185,2025-09-04,Northeast,Direct,SMB,26,281.24,0.1,6581.02,4463.27
SO-102235,2025-09-04,West,Direct,Mid-Market,17,874.47,0.0,14865.99,9568.89
SO-100035,2025-09-05,West,Direct,SMB,7,270.22,0.0,1891.54,1101.86
SO-100237,2025-09-05,Northeast,Partner,Enterprise,3,1440.06,0.0,4320.18,2522.22
SO-100610,2025-09-05,Midwest,Direct,Mid-Market,2,874.69,0.05,1661.91,1024.0
SO-101238,2025-09-05,Midwest,Marketplace,SMB,10,198.02,0.05,1881.19,1128.17
SO-101335,2025-09-05,South,Direct,Mid-Market,2,384.21,0.0,768.42,522.52
SO-101600,2025-09-05,West,Direct,SMB,35,108.08,0.15,3215.38,2466.46
SO-101716,2025-09-05,Northeast,Direct,Mid-Market,8,656.59,0.15,4464.81,3300.39
SO-101803,2025-09-05,West,Marketplace,Enterprise,9,2408.11,0.0,21672.99,13196.15
SO-101920,2025-09-05,West,Direct,Mid-Market,2,847.92,0.1,1526.26,1052.85
SO-101979,2025-09-05,South,Direct,SMB,51,67.69,0.05,3279.58,2096.76
SO-102036,2025-09-05,West,Direct,Mid-Market,4,897.64,0.0,3590.56,2010.94
SO-100014,2025-09-06,Midwest,Partner,SMB,12,112.0,0.0,1344.0,834.92
SO-100096,2025-09-06,West,Direct,Mid-Market,23,355.54,0.05,7768.55,5779.2
SO-100507,2025-09-06,Midwest,Direct,SMB,58,97.46,0.0,5652.68,3979.4
SO-100626,2025-09-06,West,Direct,Mid-Market,10,617.0,0.0,6170.0,4014.41
SO-100784,2025-09-06,Midwest,Direct,SMB,53,146.64,0.15,6606.13,4886.08
SO-101202,2025-09-06,Midwest,Partner,SMB,58,232.56,0.0,13488.48,9198.91
SO-101381,2025-09-06,Northeast,Direct,Mid-Market,12,377.27,0.0,4527.24,2980.01
SO-101451,2025-09-06,South,Direct,SMB,58,166.14,0.0,9636.12,6062.41
SO-101704,2025-09-06,West,Direct,Enterprise,8,1408.32,0.1,10139.9,8055.47
SO-101757,2025-09-06,West,Direct,Mid-Market,13,826.92,0.0,10749.96,6287.99
SO-101832,2025-09-06,South,Direct,Mid-Market,15,769.01,0.0,11535.15,7237.96
SO-102035,2025-09-06,Midwest,Direct,Enterprise,4,2429.9,0.05,9233.62,6881.01
SO-100321,2025-09-07,West,Partner,SMB,16,224.93,0.0,3598.88,2402.47
SO-100354,2025-09-07,Northeast,Partner,Mid-Market,29,339.93,0.1,8872.17,5546.91
SO-100912,2025-09-07,Midwest,Partner,SMB,3,137.78,0.15,351.34,275.45
SO-101055,2025-09-07,West,Marketplace,SMB,49,253.61,0.0,12426.89,7226.44
SO-101272,2025-09-07,West,Direct,SMB,18,242.18,0.25,3269.43,2796.21
SO-101399,2025-09-07,Northeast,Direct,SMB,8,250.61,0.0,2004.88,1267.12
SO-101552,2025-09-07,South,Marketplace,SMB,11,131.54,0.0,1446.94,907.65
SO-101622,2025-09-07,Northeast,Direct,SMB,19,169.99,0.1,2906.83,1977.55
SO-101724,2025-09-07,Midwest,Marketplace,SMB,51,74.58,0.0,3803.58,2510.25
SO-101952,2025-09-07,Midwest,Marketplace,SMB,22,91.98,0.1,1821.2,1224.91
SO-102045,2025-09-07,West,Direct,SMB,21,209.75,0.0,4404.75,3132.75
SO-102089,2025-09-07,Northeast,Partner,Enterprise,2,2254.49,0.1,4058.08,3028.9
SO-102268,2025-09-07,Midwest,Partner,Mid-Market,27,663.15,0.0,17905.05,11366.52
SO-102375,2025-09-07,West,Marketplace,SMB,32,223.43,0.0,7149.76,4285.77
SO-100327,2025-09-08,South,Partner,SMB,32,93.4,0.05,2839.36,1648.06
SO-100688,2025-09-08,West,Marketplace,Mid-Market,5,741.99,0.0,3709.95,2550.56
SO-100794,2025-09-08,West,Direct,SMB,24,258.42,0.05,5891.98,4023.1
SO-101061,2025-09-08,West,Marketplace,SMB,3,99.56,0.15,253.88,168.48
SO-102265,2025-09-08,South,Direct,SMB,9,93.72,0.0,843.48,590.89
SO-100197,2025-09-09,South,Partner,Mid-Market,7,659.91,0.15,3926.46,2545.84
SO-100417,2025-09-09,West,Partner,Enterprise,1,2039.65,0.1,1835.69,1261.09
SO-100578,2025-09-09,West,Partner,Enterprise,10,2479.25,0.05,23552.88,13851.88
SO-100864,2025-09-09,South,Direct,Enterprise,9,1586.74,0.15,12138.56,9076.89
SO-101916,2025-09-09,West,Direct,Mid-Market,24,431.57,0.0,10357.68,6471.85
SO-102064,2025-09-09,South,Marketplace,Mid-Market,30,456.5,0.25,10271.25,9077.38
SO-102196,2025-09-09,Midwest,Direct,Enterprise,12,934.2,0.25,8407.8,7847.46
SO-102206,2025-09-09,Northeast,Partner,Mid-Market,11,947.69,0.05,9903.36,7019.77
SO-100011,2025-09-10,South,Direct,Enterprise,5,1119.88,0.0,5599.4,3451.81
SO-100229,2025-09-10,Midwest,Direct,Mid-Market,5,554.15,0.0,2770.75,1562.41
SO-100454,2025-09-10,West,Direct,SMB,48,171.54,0.0,8233.92,5499.64
SO-100717,2025-09-10,Midwest,Direct,Enterprise,5,2364.03,0.0,11820.15,8264.56
SO-100805,2025-09-10,Northeast,Marketplace,Enterprise,2,1177.39,0.1,2119.3,1454.13
SO-101053,2025-09-10,Northeast,Marketplace,Mid-Market,5,497.07,0.0,2485.35,1612.89
SO-101110,2025-09-10,Midwest,Direct,SMB,42,200.91,0.0,8438.22,5216.29
SO-102016,2025-09-10,West,Partner,SMB,55,49.68,0.1,2459.16,1941.63
SO-102333,2025-09-10,South,Partner,SMB,47,123.25,0.05,5503.11,3877.89
SO-101090,2025-09-11,West,Marketplace,Mid-Market,26,502.29,0.15,11100.61,8565.02
SO-100198,2025-09-12,Northeast,Direct,SMB,54,163.77,0.0,8843.58,6367.3
SO-100419,2025-09-12,Northeast,Partner,Enterprise,4,1859.5,0.0,7438.0,4951.98
SO-100428,2025-09-12,Northeast,Partner,Mid-Market,25,673.47,0.1,15153.08,10686.23
SO-100796,2025-09-12,Midwest,Marketplace,SMB,52,173.68,0.0,9031.36,6090.71
SO-100955,2025-09-12,Midwest,Marketplace,Mid-Market,11,647.68,0.1,6412.03,4326.1
SO-102030,2025-09-12,South,Direct,Mid-Market,29,563.96,0.05,15537.1,10378.07
SO-100224,2025-09-13,South,Partner,Mid-Market,4,660.19,0.0,2640.76,1623.79
SO-100280,2025-09-13,Northeast,Partner,Mid-Market,11,436.05,0.0,4796.55,2756.33
SO-100381,2025-09-13,South,Direct,Mid-Market,13,887.65,0.0,11539.45,6762.76
SO-100851,2025-09-13,South,Direct,Mid-Market,3,441.17,0.05,1257.33,823.6
SO-101229,2025-09-13,South,Marketplace,SMB,17,171.5,0.0,2915.5,1968.45
SO-101568,2025-09-13,Midwest,Direct,SMB,42,122.36,0.0,5139.12,3109.73
SO-101638,2025-09-13,West,Direct,SMB,6,232.16,0.15,1184.02,950.58
SO-101831,2025-09-13,West,Partner,Mid-Market,4,503.2,0.25,1509.6,1355.99
SO-101900,2025-09-13,West,Direct,Enterprise,10,2492.14,0.25,18691.05,15573.45
SO-101922,2025-09-13,Midwest,Marketplace,Mid-Market,23,733.24,0.0,16864.52,10684.74
SO-101997,2025-09-13,Midwest,Direct,SMB,27,247.84,0.1,6022.51,4000.44
SO-102306,2025-09-13,Northeast,Partner,Enterprise,7,902.22,0.1,5683.99,4457.46
SO-102374,2025-09-13,West,Direct,Mid-Market,19,769.85,0.15,12433.08,9982.81
SO-100033,2025-09-14,West,Direct,Enterprise,3,1789.96,0.0,5369.88,3355.22
SO-100206,2025-09-14,Northeast,Marketplace,SMB,40,140.89,0.0,5635.6,3745.02
SO-100393,2025-09-14,Midwest,Direct,SMB,34,135.16,0.0,4595.44,3245.2
SO-100445,2025-09-14,South,Partner,Mid-Market,5,329.52,0.15,1400.46,1042.98
SO-100582,2025-09-14,West,Partner,Mid-Market,19,529.06,0.0,10052.14,5919.65
SO-100978,2025-09-14,Midwest,Direct,Enterprise,8,1178.46,0.1,8484.91,5663.98
SO-101118,2025-09-14,Midwest,Direct,SMB,11,241.41,0.0,2655.51,1835.88
SO-101344,2025-09-14,South,Direct,Enterprise,9,2137.95,0.0,19241.55,11945.65
SO-101734,2025-09-14,West,Direct,Enterprise,4,2067.89,0.25,6203.67,4615.02
SO-101760,2025-09-14,Midwest,Direct,Mid-Market,26,885.36,0.0,23019.36,14903.1
SO-100084,2025-09-15,West,Direct,SMB,51,265.03,0.0,13516.53,8056.85
SO-100941,2025-09-15,West,Marketplace,SMB,28,182.42,0.1,4596.98,2933.49
SO-101108,2025-09-15,West,Direct,SMB,39,109.68,0.0,4277.52,2848.34
SO-101844,2025-09-15,Midwest,Partner,SMB,20,137.58,0.15,2338.86,1844.48
SO-102121,2025-09-15,South,Partner,SMB,35,111.09,0.05,3693.74,2267.53
SO-102298,2025-09-15,West,Partner,Enterprise,6,1008.59,0.05,5748.96,3775.07
SO-100391,2025-09-16,South,Direct,SMB,37,154.78,0.0,5726.86,3169.18
SO-100617,2025-09-16,West,Partner,Enterprise,9,2346.98,0.1,19010.54,14176.06
SO-101285,2025-09-16,West,Direct,SMB,1,123.13,0.05,116.97,76.91
SO-101457,2025-09-16,West,Partner,Mid-Market,2,635.93,0.1,1144.67,827.06
SO-101687,2025-09-16,West,Partner,Mid-Market,25,837.04,0.0,20926.0,14800.99
SO-102000,2025-09-16,Midwest,Marketplace,Enterprise,11,1450.02,0.1,14355.2,8857.09
SO-102158,2025-09-16,Midwest,Direct,Enterprise,1,1793.69,0.0,1793.69,1275.69
SO-102181,2025-09-16,West,Direct,SMB,40,226.25,0.0,9050.0,6384.09
SO-102183,2025-09-16,Midwest,Direct,Mid-Market,21,757.7,0.0,15911.7,10135.34
SO-100001,2025-09-17,Midwest,Marketplace,Mid-Market,4,593.2,0.0,2372.8,1341.63
SO-100054,2025-09-17,West,Direct,SMB,19,197.69,0.05,3568.3,2094.75
SO-100149,2025-09-17,West,Direct,SMB,27,252.41,0.0,6815.07,4106.73
SO-100172,2025-09-17,Northeast,Marketplace,Mid-Market,11,795.48,0.1,7875.25,5730.97
SO-100587,2025-09-17,South,Direct,SMB,56,137.52,0.1,6931.01,4928.52
SO-100651,2025-09-17,West,Direct,Mid-Market,2,374.98,0.1,674.96,425.6
SO-100921,2025-09-17,West,Direct,SMB,55,229.2,0.15,10715.1,8793.03
SO-101068,2025-09-17,West,Partner,Enterprise,7,1685.44,0.0,11798.08,7872.87
SO-101104,2025-09-17,South,Partner,SMB,55,72.36,0.05,3780.81,2720.58
SO-101312,2025-09-17,Northeast,Partner,Mid-Market,20,358.62,0.1,6455.16,4756.57
SO-101573,2025-09-17,Northeast,Partner,SMB,19,114.39,0.0,2173.41,1286.63
SO-101675,2025-09-17,West,Partner,SMB,11,230.51,0.0,2535.61,1719.58
SO-100071,2025-09-18,Midwest,Direct,Mid-Market,5,763.1,0.0,3815.5,2680.81
SO-100471,2025-09-18,Northeast,Direct,Enterprise,7,1195.09,0.05,7947.35,5997.86
SO-100488,2025-09-18,Northeast,Marketplace,Mid-Market,8,889.45,0.0,7115.6,4348.74
SO-100706,2025-09-18,West,Direct,Enterprise,5,1647.2,0.0,8236.0,5363.26
SO-100770,2025-09-18,South,Direct,SMB,19,228.47,0.0,4340.93,2691.73
SO-100960,2025-09-18,South,Partner,Mid-Market,29,510.42,0.05,14062.07,9353.55
SO-100989,2025-09-18,West,Marketplace,SMB,19,264.52,0.25,3769.41,3272.27
SO-101212,2025-09-18,South,Marketplace,SMB,20,284.8,0.0,5696.0,3916.22
SO-101436,2025-09-18,Midwest,Partner,Mid-Market,3,645.34,0.0,1936.02,1106.1
SO-101621,2025-09-18,West,Marketplace,SMB,8,236.99,0.0,1895.92,1152.1
SO-101785,2025-09-18,South,Direct,Mid-Market,8,938.4,0.0,7507.2,4551.4
SO-102048,2025-09-18,West,Partner,Mid-Market,18,903.97,0.1,14644.31,11399.31
SO-102293,2025-09-18,West,Partner,SMB,60,79.23,0.05,4516.11,3295.42
SO-102299,2025-09-18,West,Partner,SMB,45,72.74,0.0,3273.3,2147.35
SO-100133,2025-09-19,West,Direct,Enterprise,9,2421.27,0.05,20701.86,14890.55
SO-100248,2025-09-19,Midwest,Direct,Enterprise,1,2242.26,0.15,1905.92,1342.41
SO-100288,2025-09-19,Northeast,Direct,Mid-Market,30,438.51,0.0,13155.3,8644.57
SO-100305,2025-09-19,South,Marketplace,Mid-Market,29,792.93,0.05,21845.22,13004.8
SO-100698,2025-09-19,South,Partner,SMB,35,119.05,0.0,4166.75,2793.7
SO-101078,2025-09-19,South,Direct,SMB,48,50.38,0.05,2297.33,1358.17
SO-101391,2025-09-19,Northeast,Direct,SMB,4,90.72,0.0,362.88,242.96
SO-101728,2025-09-19,West,Direct,SMB,45,52.94,0.0,2382.3,1406.49
SO-101889,2025-09-19,South,Marketplace,Enterprise,10,1375.33,0.25,10314.97,7939.85
SO-101937,2025-09-19,South,Direct,Mid-Market,13,596.99,0.1,6984.78,5333.38
SO-102166,2025-09-19,West,Direct,Mid-Market,9,900.65,0.0,8105.85,5740.29
SO-102188,2025-09-19,West,Direct,Enterprise,2,2133.25,0.15,3626.53,2725.72
SO-102373,2025-09-19,Midwest,Direct,SMB,60,99.22,0.0,5953.2,4170.18
SO-100060,2025-09-20,Northeast,Partner,SMB,47,223.77,0.05,9991.33,7411.26
SO-100183,2025-09-20,West,Partner,Enterprise,6,1786.87,0.0,10721.22,7624.45
SO-100456,2025-09-20,South,Marketplace,Mid-Market,20,654.95,0.15,11134.15,7462.4
SO-100515,2025-09-20,West,Marketplace,Mid-Market,18,815.78,0.15,12481.43,10363.7
SO-100751,2025-09-20,Midwest,Direct,SMB,44,156.46,0.1,6195.82,4758.66
SO-101171,2025-09-20,Northeast,Direct,SMB,48,60.4,0.0,2899.2,1669.34
SO-101537,2025-09-20,Midwest,Marketplace,SMB,12,201.35,0.15,2053.77,1409.5
SO-101885,2025-09-20,West,Partner,SMB,22,131.0,0.0,2882.0,1713.12
SO-102069,2025-09-20,Midwest,Marketplace,SMB,21,168.61,0.0,3540.81,2210.14
SO-102198,2025-09-20,West,Marketplace,SMB,7,298.96,0.1,1883.45,1350.79
SO-100045,2025-09-21,West,Marketplace,SMB,45,128.4,0.0,5778.0,3963.3
SO-100166,2025-09-21,Midwest,Direct,Mid-Market,7,498.75,0.0,3491.25,2335.34
SO-100291,2025-09-21,Midwest,Partner,SMB,37,95.63,0.05,3361.39,2033.5
SO-100345,2025-09-21,Northeast,Marketplace,Enterprise,11,1566.34,0.0,17229.74,12288.35
SO-100586,2025-09-21,West,Direct,Mid-Market,7,906.95,0.15,5396.35,3990.12
SO-100844,2025-09-21,Northeast,Partner,Mid-Market,22,876.97,0.15,16399.34,11540.76
SO-101071,2025-09-21,Midwest,Direct,SMB,16,159.45,0.0,2551.2,1779.16
SO-101419,2025-09-21,South,Direct,SMB,32,166.64,0.05,5065.86,3640.63
SO-101658,2025-09-21,Midwest,Marketplace,SMB,28,228.47,0.0,6397.16,3682.63
SO-101729,2025-09-21,Northeast,Direct,SMB,25,223.44,0.25,4189.5,3160.34
SO-101860,2025-09-21,West,Partner,SMB,51,289.41,0.0,14759.91,9211.08
SO-101938,2025-09-21,Northeast,Marketplace,SMB,3,158.51,0.1,427.98,296.87
SO-102159,2025-09-21,Midwest,Partner,Enterprise,12,969.03,0.0,11628.36,7812.7
SO-102332,2025-09-21,South,Partner,Enterprise,5,1497.17,0.25,5614.39,4170.68
SO-100141,2025-09-22,South,Marketplace,Mid-Market,22,928.55,0.15,17363.88,14459.79
SO-101304,2025-09-22,South,Partner,Mid-Market,28,372.08,0.0,10418.24,6308.31
SO-101325,2025-09-22,South,Direct,SMB,48,137.56,0.0,6602.88,4234.71
SO-101406,2025-09-22,Northeast,Partner,SMB,19,220.0,0.05,3971.0,2579.66
SO-102171,2025-09-22,West,Direct,SMB,17,58.76,0.0,998.92,552.82
SO-102184,2025-09-22,Midwest,Partner,Mid-Market,8,749.05,0.0,5992.4,3709.66
SO-102313,2025-09-22,South,Direct,Mid-Market,25,937.15,0.25,17571.56,15363.38
SO-102335,2025-09-22,South,Marketplace,Mid-Market,26,880.24,0.0,22886.24,14537.44
SO-100147,2025-09-23,West,Direct,SMB,16,87.1,0.0,1393.6,781.06
SO-100252,2025-09-23,West,Direct,SMB,22,116.85,0.05,2442.16,1827.15
SO-100504,2025-09-23,Midwest,Direct,Mid-Market,25,777.21,0.0,19430.25,13647.48
SO-100880,2025-09-23,West,Direct,Mid-Market,25,919.63,0.0,22990.75,15013.65
SO-100982,2025-09-23,Northeast,Partner,SMB,42,196.15,0.1,7414.47,4861.34
SO-101095,2025-09-23,West,Direct,Enterprise,8,1403.28,0.0,11226.24,6842.52
SO-101131,2025-09-23,Northeast,Partner,Enterprise,7,2473.78,0.05,16450.64,11042.1
SO-101162,2025-09-23,Midwest,Marketplace,SMB,40,268.6,0.0,10744.0,6260.88
SO-101977,2025-09-23,Midwest,Marketplace,SMB,57,151.47,0.15,7338.72,5370.64
SO-102201,2025-09-23,Northeast,Partner,SMB,2,53.05,0.0,106.1,70.35
SO-102390,2025-09-23,Northeast,Direct,SMB,35,99.28,0.25,2606.1,2294.5
SO-100484,2025-09-24,South,Direct,Mid-Market,30,501.91,0.0,15057.3,10027.02
SO-100519,2025-09-24,South,Direct,Mid-Market,5,375.34,0.0,1876.7,1313.37
SO-101461,2025-09-25,South,Direct,SMB,47,252.08,0.0,11847.76,6635.72
SO-101501,2025-09-25,South,Partner,Mid-Market,25,933.26,0.1,20998.35,12947.66
SO-101514,2025-09-25,Midwest,Direct,Enterprise,7,2526.14,0.1,15914.68,12638.37
SO-101797,2025-09-25,West,Direct,SMB,53,167.81,0.05,8449.23,5104.77
SO-101816,2025-09-25,Midwest,Marketplace,SMB,22,221.62,0.0,4875.64,3113.39
SO-100083,2025-09-26,South,Direct,Mid-Market,10,533.07,0.0,5330.7,3183.38
SO-100947,2025-09-26,South,Marketplace,SMB,48,156.79,0.25,5644.44,5315.08
SO-101283,2025-09-26,Midwest,Direct,SMB,46,167.32,0.0,7696.72,5123.8
SO-101496,2025-09-26,West,Direct,Mid-Market,3,628.2,0.05,1790.37,1121.06
SO-102203,2025-09-26,West,Partner,Mid-Market,23,534.73,0.1,11068.91,7732.57
SO-100064,2025-09-27,West,Marketplace,Enterprise,12,1705.56,0.1,18420.05,14200.68
SO-100654,2025-09-27,Northeast,Direct,Mid-Market,20,756.37,0.05,14371.03,9034.04
SO-101142,2025-09-27,Midwest,Direct,Mid-Market,9,339.19,0.0,3052.71,2030.14
SO-101183,2025-09-27,Midwest,Partner,SMB,25,258.84,0.0,6471.0,3873.78
SO-101359,2025-09-27,West,Partner,SMB,23,108.71,0.05,2375.31,1424.67
SO-101387,2025-09-27,West,Direct,SMB,49,197.24,0.0,9664.76,5861.08
SO-101502,2025-09-27,West,Partner,Mid-Market,8,509.83,0.0,4078.64,2892.96
SO-101588,2025-09-27,Midwest,Direct,Mid-Market,8,624.06,0.0,4992.48,2775.07
SO-101590,2025-09-27,Northeast,Direct,Mid-Market,12,670.89,0.0,8050.68,4899.17
SO-101610,2025-09-27,South,Partner,SMB,34,110.93,0.1,3394.46,2580.47
SO-101808,2025-09-27,West,Partner,Mid-Market,15,686.73,0.0,10300.95,7098.54
SO-102010,2025-09-27,South,Partner,Mid-Market,17,487.64,0.0,8289.88,4951.21
SO-102107,2025-09-27,West,Partner,Mid-Market,28,870.27,0.1,21930.8,14660.61
SO-102132,2025-09-27,West,Direct,Mid-Market,13,380.49,0.1,4451.73,3036.25
SO-102135,2025-09-27,West,Marketplace,Mid-Market,20,521.96,0.05,9917.24,7211.8
